,STATE REP 22,,,,STATE REP 23,,,,STATE REP 24,,,,STATE REP 25,,,,STATE REP 26,,STATE REP 27,,STATE REP 28,,,,STATE REP 29,,,
,MARLA BREMS (R),,NANCY LUSK (D),,KELLY R MEIGS (R),,DAVE PACK (D),,EMILY PERRY (D),,CHRISTOPHER,,MEGAN ENGLAND,,MELISSA A ROOKER,,LARRY L CAMPBELL,,RAY MERRICK (R),,KELLY L JACKSON,,JERRY LUNN (R),,NANCY LEIKER (D),,JAMES TODD (R),
,,,,,,,,,,,KENNETH,, (D),,(R),,(R),,,,(D),,,,,,,
,,,,,,,,,,,WALDSCHMIDT (R),,,,,,,,,,,,,,,,,
Jurisdiction Wide,,,,,,,,,,,,,,,,,,,,,,,,,,,,
Aubry Twp 0-01,-,-,-,-,-,-,-,-,-,-,-,-,-,-,-,-,-,-,102,94.44%,-,-,-,-,-,-,-,-
Aubry Twp 0-02,-,-,-,-,-,-,-,-,-,-,-,-,-,-,-,-,-,-,663,99.25%,-,-,-,-,-,-,-,-
Aubry Twp 0-03,-,-,-,-,-,-,-,-,-,-,-,-,-,-,-,-,-,-,360,99.72%,-,-,-,-,-,-,-,-
Aubry Twp 0-04,-,-,-,-,-,-,-,-,-,-,-,-,-,-,-,-,-,-,853,98.84%,-,-,-,-,-,-,-,-
Aubry Twp 0-05,-,-,-,-,-,-,-,-,-,-,-,-,-,-,-,-,14,100.00%,-,-,-,-,-,-,-,-,-,-
Aubry Twp 0-06,-,-,-,-,-,-,-,-,-,-,-,-,-,-,-,-,-,-,94,100.00%,-,-,-,-,-,-,-,-
Bonner Springs 4-01,-,-,-,-,-,-,-,-,-,-,-,-,-,-,-,-,-,-,-,-,-,-,-,-,-,-,-,-
De Soto 0-01,-,-,-,-,-,-,-,-,-,-,-,-,-,-,-,-,-,-,-,-,-,-,-,-,-,-,-,-
De Soto 0-02,-,-,-,-,-,-,-,-,-,-,-,-,-,-,-,-,-,-,-,-,-,-,-,-,-,-,-,-
De Soto 0-03,-,-,-,-,-,-,-,-,-,-,-,-,-,-,-,-,-,-,-,-,-,-,-,-,-,-,-,-
De Soto 0-04,-,-,-,-,-,-,-,-,-,-,-,-,-,-,-,-,-,-,-,-,-,-,-,-,-,-,-,-
De Soto 0-05,-,-,-,-,-,-,-,-,-,-,-,-,-,-,-,-,-,-,-,-,-,-,-,-,-,-,-,-
De Soto 0-06,-,-,-,-,-,-,-,-,-,-,-,-,-,-,-,-,-,-,-,-,-,-,-,-,-,-,-,-
De Soto 0-07,-,-,-,-,-,-,-,-,-,-,-,-,-,-,-,-,-,-,-,-,-,-,-,-,-,-,-,-
De Soto 0-08,-,-,-,-,-,-,-,-,-,-,-,-,-,-,-,-,-,-,-,-,-,-,-,-,-,-,-,-
Edgerton 0-01,-,-,-,-,-,-,-,-,-,-,-,-,-,-,-,-,-,-,-,-,-,-,-,-,-,-,-,-
Edgerton 0-02,-,-,-,-,-,-,-,-,-,-,-,-,-,-,-,-,-,-,-,-,-,-,-,-,-,-,-,-
Edgerton 0-03,-,-,-,-,-,-,-,-,-,-,-,-,-,-,-,-,-,-,-,-,-,-,-,-,-,-,-,-
Edgerton 0-04,-,-,-,-,-,-,-,-,-,-,-,-,-,-,-,-,-,-,-,-,-,-,-,-,-,-,-,-
Edgerton 0-05,-,-,-,-,-,-,-,-,-,-,-,-,-,-,-,-,-,-,-,-,-,-,-,-,-,-,-,-
Edgerton 0-06,-,-,-,-,-,-,-,-,-,-,-,-,-,-,-,-,-,-,-,-,-,-,-,-,-,-,-,-
Edgerton 0-07,-,-,-,-,-,-,-,-,-,-,-,-,-,-,-,-,-,-,-,-,-,-,-,-,-,-,-,-
Edgerton 0-08,-,-,-,-,-,-,-,-,-,-,-,-,-,-,-,-,-,-,-,-,-,-,-,-,-,-,-,-
Fairway 1-00,-,-,-,-,-,-,-,-,-,-,-,-,240,38.96%,376,61.04%,-,-,-,-,-,-,-,-,-,-,-,-
Fairway 2-00,-,-,-,-,-,-,-,-,-,-,-,-,193,35.81%,345,64.01%,-,-,-,-,-,-,-,-,-,-,-,-
Fairway 3-00,-,-,-,-,-,-,-,-,-,-,-,-,230,32.76%,472,67.24%,-,-,-,-,-,-,-,-,-,-,-,-
Fairway 4-00,-,-,-,-,-,-,-,-,-,-,-,-,327,55.05%,266,44.78%,-,-,-,-,-,-,-,-,-,-,-,-
Gardner 0-01,-,-,-,-,-,-,-,-,-,-,-,-,-,-,-,-,-,-,-,-,-,-,-,-,-,-,-,-
Gardner 0-02,-,-,-,-,-,-,-,-,-,-,-,-,-,-,-,-,-,-,-,-,-,-,-,-,-,-,-,-
Gardner 0-03,-,-,-,-,-,-,-,-,-,-,-,-,-,-,-,-,-,-,-,-,-,-,-,-,-,-,-,-
Gardner 0-04,-,-,-,-,-,-,-,-,-,-,-,-,-,-,-,-,-,-,-,-,-,-,-,-,-,-,-,-
Gardner 0-05,-,-,-,-,-,-,-,-,-,-,-,-,-,-,-,-,-,-,-,-,-,-,-,-,-,-,-,-
Gardner 0-06,-,-,-,-,-,-,-,-,-,-,-,-,-,-,-,-,-,-,-,-,-,-,-,-,-,-,-,-
Gardner 0-07,-,-,-,-,-,-,-,-,-,-,-,-,-,-,-,-,-,-,-,-,-,-,-,-,-,-,-,-
Gardner 0-08,-,-,-,-,-,-,-,-,-,-,-,-,-,-,-,-,-,-,-,-,-,-,-,-,-,-,-,-
Gardner 0-09,-,-,-,-,-,-,-,-,-,-,-,-,-,-,-,-,-,-,-,-,-,-,-,-,-,-,-,-
Gardner 0-10,-,-,-,-,-,-,-,-,-,-,-,-,-,-,-,-,-,-,-,-,-,-,-,-,-,-,-,-
Gardner 0-11,-,-,-,-,-,-,-,-,-,-,-,-,-,-,-,-,-,-,-,-,-,-,-,-,-,-,-,-
Gardner 0-12,-,-,-,-,-,-,-,-,-,-,-,-,-,-,-,-,-,-,-,-,-,-,-,-,-,-,-,-
Gardner 0-13,-,-,-,-,-,-,-,-,-,-,-,-,-,-,-,-,-,-,-,-,-,-,-,-,-,-,-,-
Gardner 0-14,-,-,-,-,-,-,-,-,-,-,-,-,-,-,-,-,-,-,-,-,-,-,-,-,-,-,-,-
Gardner 0-15,-,-,-,-,-,-,-,-,-,-,-,-,-,-,-,-,-,-,-,-,-,-,-,-,-,-,-,-
Gardner Twp 0-01,-,-,-,-,-,-,-,-,-,-,-,-,-,-,-,-,-,-,-,-,-,-,-,-,-,-,-,-
Gardner Twp 0-02,-,-,-,-,-,-,-,-,-,-,-,-,-,-,-,-,-,-,-,-,-,-,-,-,-,-,-,-
Gardner Twp 0-03,-,-,-,-,-,-,-,-,-,-,-,-,-,-,-,-,-,-,-,-,-,-,-,-,-,-,-,-
Gardner Twp 0-04,-,-,-,-,-,-,-,-,-,-,-,-,-,-,-,-,-,-,-,-,-,-,-,-,-,-,-,-
Gardner Twp 0-05,-,-,-,-,-,-,-,-,-,-,-,-,-,-,-,-,-,-,-,-,-,-,-,-,-,-,-,-
Gardner Twp 0-06,-,-,-,-,-,-,-,-,-,-,-,-,-,-,-,-,-,-,-,-,-,-,-,-,-,-,-,-
Gardner Twp 0-07,-,-,-,-,-,-,-,-,-,-,-,-,-,-,-,-,-,-,-,-,-,-,-,-,-,-,-,-
Gardner Twp 0-08,-,-,-,-,-,-,-,-,-,-,-,-,-,-,-,-,-,-,-,-,-,-,-,-,-,-,-,-
Gardner Twp 0-09,-,-,-,-,-,-,-,-,-,-,-,-,-,-,-,-,-,-,-,-,-,-,-,-,-,-,-,-
Gardner Twp 0-10,-,-,-,-,-,-,-,-,-,-,-,-,-,-,-,-,-,-,-,-,-,-,-,-,-,-,-,-
Gardner Twp 0-11,-,-,-,-,-,-,-,-,-,-,-,-,-,-,-,-,-,-,-,-,-,-,-,-,-,-,-,-
Gardner Twp 0-12,-,-,-,-,-,-,-,-,-,-,-,-,-,-,-,-,-,-,-,-,-,-,-,-,-,-,-,-
Lake Quivira 0-01,-,-,-,-,-,-,-,-,-,-,-,-,-,-,-,-,-,-,-,-,-,-,-,-,-,-,-,-
Leawood 1-01,-,-,-,-,-,-,-,-,-,-,-,-,-,-,-,-,-,-,-,-,-,-,-,-,-,-,-,-
Leawood 1-02,-,-,-,-,-,-,-,-,-,-,-,-,-,-,-,-,-,-,-,-,-,-,-,-,-,-,-,-
Leawood 1-03,-,-,-,-,-,-,-,-,-,-,-,-,-,-,-,-,-,-,-,-,-,-,-,-,-,-,-,-
Leawood 1-04,-,-,-,-,-,-,-,-,-,-,-,-,-,-,-,-,-,-,-,-,-,-,-,-,-,-,-,-
Leawood 1-05,-,-,-,-,-,-,-,-,-,-,-,-,-,-,-,-,-,-,-,-,-,-,-,-,-,-,-,-
Leawood 1-06,-,-,-,-,-,-,-,-,-,-,-,-,-,-,-,-,-,-,-,-,-,-,-,-,-,-,-,-
Leawood 2-01,-,-,-,-,-,-,-,-,-,-,-,-,-,-,-,-,-,-,-,-,-,-,-,-,-,-,-,-
Leawood 2-02,-,-,-,-,-,-,-,-,-,-,-,-,-,-,-,-,-,-,-,-,-,-,-,-,-,-,-,-
Leawood 2-03,-,-,-,-,-,-,-,-,-,-,-,-,-,-,-,-,-,-,-,-,-,-,-,-,-,-,-,-
Leawood 2-04,-,-,-,-,-,-,-,-,-,-,-,-,-,-,-,-,-,-,-,-,-,-,-,-,-,-,-,-
Leawood 2-05,-,-,-,-,-,-,-,-,-,-,-,-,-,-,-,-,-,-,-,-,-,-,-,-,-,-,-,-
Leawood 2-06,-,-,-,-,-,-,-,-,-,-,-,-,-,-,-,-,-,-,-,-,-,-,-,-,-,-,-,-
Leawood 3-01,-,-,-,-,-,-,-,-,-,-,-,-,-,-,-,-,-,-,-,-,-,-,-,-,-,-,-,-
Leawood 3-02,-,-,-,-,-,-,-,-,-,-,-,-,-,-,-,-,-,-,-,-,-,-,-,-,-,-,-,-
Leawood 3-03,-,-,-,-,-,-,-,-,-,-,-,-,-,-,-,-,-,-,-,-,-,-,-,-,-,-,-,-
Leawood 3-04,-,-,-,-,-,-,-,-,-,-,-,-,-,-,-,-,-,-,-,-,138,49.64%,140,50.36%,-,-,-,-
Leawood 3-05,-,-,-,-,-,-,-,-,-,-,-,-,-,-,-,-,-,-,-,-,476,42.42%,646,57.58%,-,-,-,-
Leawood 3-06,-,-,-,-,-,-,-,-,-,-,-,-,-,-,-,-,-,-,-,-,416,39.13%,647,60.87%,-,-,-,-
Leawood 3-07,-,-,-,-,-,-,-,-,-,-,-,-,-,-,-,-,-,-,-,-,-,-,-,-,-,-,-,-
Leawood 4-01,-,-,-,-,-,-,-,-,-,-,-,-,-,-,-,-,-,-,-,-,-,-,-,-,-,-,-,-
Leawood 4-02,-,-,-,-,-,-,-,-,-,-,-,-,-,-,-,-,-,-,-,-,-,-,-,-,-,-,-,-
Leawood 4-03,-,-,-,-,-,-,-,-,-,-,-,-,-,-,-,-,-,-,-,-,-,-,-,-,-,-,-,-
Leawood 4-04,-,-,-,-,-,-,-,-,-,-,-,-,-,-,-,-,-,-,-,-,459,49.35%,470,50.54%,-,-,-,-
Leawood 4-05,-,-,-,-,-,-,-,-,-,-,-,-,-,-,-,-,-,-,-,-,436,49.27%,448,50.62%,-,-,-,-
Leawood 4-06,-,-,-,-,-,-,-,-,-,-,-,-,-,-,-,-,-,-,-,-,243,35.84%,435,64.16%,-,-,-,-
Leawood 4-07,-,-,-,-,-,-,-,-,-,-,-,-,-,-,-,-,-,-,-,-,472,39.33%,727,60.58%,-,-,-,-
Leawood 4-08,-,-,-,-,-,-,-,-,-,-,-,-,-,-,-,-,-,-,400,99.01%,-,-,-,-,-,-,-,-
Lenexa 1-01,-,-,-,-,-,-,-,-,-,-,-,-,-,-,-,-,-,-,-,-,-,-,-,-,-,-,-,-
Lenexa 1-02,-,-,-,-,-,-,-,-,-,-,-,-,-,-,-,-,-,-,-,-,-,-,-,-,-,-,-,-
Lenexa 1-03,-,-,-,-,-,-,-,-,-,-,-,-,-,-,-,-,-,-,-,-,-,-,-,-,-,-,-,-
Lenexa 1-04,-,-,-,-,-,-,-,-,-,-,-,-,-,-,-,-,-,-,-,-,-,-,-,-,-,-,-,-
Lenexa 1-05,-,-,-,-,-,-,-,-,-,-,-,-,-,-,-,-,-,-,-,-,-,-,-,-,-,-,-,-
Lenexa 1-06,-,-,-,-,-,-,-,-,-,-,-,-,-,-,-,-,-,-,-,-,-,-,-,-,-,-,-,-
Lenexa 1-07,-,-,-,-,-,-,-,-,-,-,-,-,-,-,-,-,-,-,-,-,-,-,-,-,-,-,-,-
Lenexa 1-08,-,-,-,-,-,-,-,-,-,-,-,-,-,-,-,-,-,-,-,-,-,-,-,-,-,-,-,-
Lenexa 1-09,-,-,-,-,-,-,-,-,-,-,-,-,-,-,-,-,-,-,-,-,-,-,-,-,-,-,-,-
Lenexa 2-01,-,-,-,-,-,-,-,-,-,-,-,-,-,-,-,-,-,-,-,-,-,-,-,-,-,-,-,-
Lenexa 2-02,-,-,-,-,-,-,-,-,-,-,-,-,-,-,-,-,-,-,-,-,-,-,-,-,-,-,-,-
Lenexa 2-03,-,-,-,-,-,-,-,-,-,-,-,-,-,-,-,-,-,-,-,-,-,-,-,-,-,-,-,-
Lenexa 2-04,-,-,-,-,-,-,-,-,-,-,-,-,-,-,-,-,-,-,-,-,-,-,-,-,-,-,-,-
Lenexa 2-05,-,-,-,-,-,-,-,-,-,-,-,-,-,-,-,-,-,-,-,-,-,-,-,-,-,-,-,-
Lenexa 2-06,-,-,-,-,-,-,-,-,-,-,-,-,-,-,-,-,-,-,-,-,-,-,-,-,-,-,-,-
Lenexa 2-07,-,-,-,-,-,-,-,-,-,-,-,-,-,-,-,-,-,-,-,-,-,-,-,-,-,-,-,-
Lenexa 2-08,-,-,-,-,-,-,-,-,-,-,-,-,-,-,-,-,-,-,-,-,-,-,-,-,-,-,-,-
Lenexa 3-01,-,-,-,-,335,46.66%,383,53.34%,-,-,-,-,-,-,-,-,-,-,-,-,-,-,-,-,-,-,-,-
Lenexa 3-02,-,-,-,-,452,47.23%,505,52.77%,-,-,-,-,-,-,-,-,-,-,-,-,-,-,-,-,-,-,-,-
Lenexa 3-03,-,-,-,-,582,55.27%,470,44.63%,-,-,-,-,-,-,-,-,-,-,-,-,-,-,-,-,-,-,-,-
Lenexa 3-04,-,-,-,-,443,62.66%,264,37.34%,-,-,-,-,-,-,-,-,-,-,-,-,-,-,-,-,-,-,-,-
Lenexa 3-05,-,-,-,-,252,43.83%,321,55.83%,-,-,-,-,-,-,-,-,-,-,-,-,-,-,-,-,-,-,-,-
Lenexa 3-06,-,-,-,-,-,-,-,-,-,-,-,-,-,-,-,-,-,-,-,-,-,-,-,-,-,-,-,-
Lenexa 3-07,-,-,-,-,-,-,-,-,-,-,-,-,-,-,-,-,-,-,-,-,-,-,-,-,-,-,-,-
Lenexa 3-08,-,-,-,-,-,-,-,-,-,-,-,-,-,-,-,-,-,-,-,-,-,-,-,-,-,-,-,-
Lenexa 4-01,-,-,-,-,-,-,-,-,-,-,-,-,-,-,-,-,-,-,-,-,-,-,-,-,-,-,-,-
Lenexa 4-02,-,-,-,-,-,-,-,-,-,-,-,-,-,-,-,-,-,-,-,-,-,-,-,-,-,-,-,-
Lenexa 4-03,-,-,-,-,207,45.10%,252,54.90%,-,-,-,-,-,-,-,-,-,-,-,-,-,-,-,-,-,-,-,-
Lenexa 4-04,-,-,-,-,233,52.83%,207,46.94%,-,-,-,-,-,-,-,-,-,-,-,-,-,-,-,-,-,-,-,-
Lenexa 4-05,-,-,-,-,-,-,-,-,-,-,-,-,-,-,-,-,-,-,-,-,-,-,-,-,-,-,-,-
Lenexa 4-06,-,-,-,-,-,-,-,-,-,-,-,-,-,-,-,-,-,-,-,-,-,-,-,-,-,-,-,-
Lenexa 4-07,-,-,-,-,-,-,-,-,-,-,-,-,-,-,-,-,-,-,-,-,-,-,-,-,-,-,-,-
Lenexa 4-08,-,-,-,-,-,-,-,-,-,-,-,-,-,-,-,-,-,-,-,-,-,-,-,-,-,-,-,-
Lenexa 4-09,-,-,-,-,-,-,-,-,-,-,-,-,-,-,-,-,-,-,-,-,-,-,-,-,-,-,-,-
Lenexa 4-10,-,-,-,-,-,-,-,-,-,-,-,-,-,-,-,-,-,-,-,-,-,-,-,-,-,-,-,-
Lenexa 4-11,-,-,-,-,-,-,-,-,-,-,-,-,-,-,-,-,-,-,-,-,-,-,-,-,-,-,-,-
Lexington Twp 0-01,-,-,-,-,-,-,-,-,-,-,-,-,-,-,-,-,-,-,-,-,-,-,-,-,-,-,-,-
Lexington Twp 0-02,-,-,-,-,-,-,-,-,-,-,-,-,-,-,-,-,-,-,-,-,-,-,-,-,-,-,-,-
Lexington Twp 0-03,-,-,-,-,-,-,-,-,-,-,-,-,-,-,-,-,-,-,-,-,-,-,-,-,-,-,-,-
Lexington Twp 0-04,-,-,-,-,-,-,-,-,-,-,-,-,-,-,-,-,-,-,-,-,-,-,-,-,-,-,-,-
Lexington Twp 0-05,-,-,-,-,-,-,-,-,-,-,-,-,-,-,-,-,-,-,-,-,-,-,-,-,-,-,-,-
McCamish Twp 0-01,-,-,-,-,-,-,-,-,-,-,-,-,-,-,-,-,-,-,-,-,-,-,-,-,-,-,-,-
McCamish Twp 0-02,-,-,-,-,-,-,-,-,-,-,-,-,-,-,-,-,-,-,-,-,-,-,-,-,-,-,-,-
McCamish Twp 0-03,-,-,-,-,-,-,-,-,-,-,-,-,-,-,-,-,-,-,-,-,-,-,-,-,-,-,-,-
Merriam 1-01,-,-,-,-,-,-,-,-,268,57.02%,200,42.55%,-,-,-,-,-,-,-,-,-,-,-,-,-,-,-,-
Merriam 1-02,-,-,-,-,-,-,-,-,408,64.15%,227,35.69%,-,-,-,-,-,-,-,-,-,-,-,-,-,-,-,-
Merriam 2-01,-,-,-,-,-,-,-,-,415,56.54%,319,43.46%,-,-,-,-,-,-,-,-,-,-,-,-,-,-,-,-
Merriam 2-02,-,-,-,-,-,-,-,-,1,50.00%,1,50.00%,-,-,-,-,-,-,-,-,-,-,-,-,-,-,-,-
Merriam 2-03,-,-,-,-,-,-,-,-,250,62.81%,146,36.68%,-,-,-,-,-,-,-,-,-,-,-,-,-,-,-,-
Merriam 3-01,-,-,-,-,-,-,-,-,410,60.29%,270,39.71%,-,-,-,-,-,-,-,-,-,-,-,-,-,-,-,-
Merriam 3-02,-,-,-,-,-,-,-,-,309,57.97%,224,42.03%,-,-,-,-,-,-,-,-,-,-,-,-,-,-,-,-
Merriam 4-01,-,-,-,-,-,-,-,-,391,52.55%,352,47.31%,-,-,-,-,-,-,-,-,-,-,-,-,-,-,-,-
Merriam 4-02,-,-,-,-,-,-,-,-,180,52.94%,160,47.06%,-,-,-,-,-,-,-,-,-,-,-,-,-,-,-,-
Merriam 4-03,-,-,-,-,-,-,-,-,242,57.35%,180,42.65%,-,-,-,-,-,-,-,-,-,-,-,-,-,-,-,-
Mission 1-01,-,-,-,-,-,-,-,-,-,-,-,-,386,57.70%,283,42.30%,-,-,-,-,-,-,-,-,-,-,-,-
Mission 1-02,-,-,-,-,-,-,-,-,260,68.06%,122,31.94%,-,-,-,-,-,-,-,-,-,-,-,-,-,-,-,-
Mission 2-01,-,-,-,-,-,-,-,-,-,-,-,-,263,64.78%,142,34.98%,-,-,-,-,-,-,-,-,-,-,-,-
Mission 2-02,-,-,-,-,-,-,-,-,-,-,-,-,329,60.04%,219,39.96%,-,-,-,-,-,-,-,-,-,-,-,-
Mission 3-01,-,-,-,-,-,-,-,-,441,61.85%,269,37.73%,-,-,-,-,-,-,-,-,-,-,-,-,-,-,-,-
Mission 3-02,-,-,-,-,-,-,-,-,-,-,-,-,206,58.36%,147,41.64%,-,-,-,-,-,-,-,-,-,-,-,-
Mission 4-01,-,-,-,-,-,-,-,-,-,-,-,-,253,60.24%,165,39.29%,-,-,-,-,-,-,-,-,-,-,-,-
Mission 4-02,-,-,-,-,-,-,-,-,-,-,-,-,259,44.35%,325,55.65%,-,-,-,-,-,-,-,-,-,-,-,-
Mission 4-03,-,-,-,-,-,-,-,-,-,-,-,-,198,55.31%,159,44.41%,-,-,-,-,-,-,-,-,-,-,-,-
Mission Hills 0-01,-,-,-,-,-,-,-,-,-,-,-,-,127,23.96%,403,76.04%,-,-,-,-,-,-,-,-,-,-,-,-
Mission Hills 0-02,-,-,-,-,-,-,-,-,-,-,-,-,172,26.06%,488,73.94%,-,-,-,-,-,-,-,-,-,-,-,-
Mission Hills 0-03,-,-,-,-,-,-,-,-,-,-,-,-,65,15.19%,363,84.81%,-,-,-,-,-,-,-,-,-,-,-,-
Mission Hills 0-04,-,-,-,-,-,-,-,-,-,-,-,-,-,-,-,-,-,-,-,-,-,-,-,-,-,-,-,-
Mission Woods 0-01,-,-,-,-,-,-,-,-,-,-,-,-,44,40.74%,64,59.26%,-,-,-,-,-,-,-,-,-,-,-,-
Olathe 1-01,-,-,-,-,-,-,-,-,-,-,-,-,-,-,-,-,-,-,-,-,-,-,-,-,-,-,-,-
Olathe 1-02,-,-,-,-,-,-,-,-,-,-,-,-,-,-,-,-,-,-,-,-,-,-,-,-,-,-,-,-
Olathe 1-03,-,-,-,-,-,-,-,-,-,-,-,-,-,-,-,-,-,-,-,-,-,-,-,-,-,-,-,-
Olathe 1-04,-,-,-,-,-,-,-,-,-,-,-,-,-,-,-,-,650,99.09%,-,-,-,-,-,-,-,-,-,-
Olathe 1-05,-,-,-,-,-,-,-,-,-,-,-,-,-,-,-,-,-,-,-,-,-,-,-,-,-,-,-,-
Olathe 1-06,-,-,-,-,-,-,-,-,-,-,-,-,-,-,-,-,454,99.56%,-,-,-,-,-,-,-,-,-,-
Olathe 1-07,-,-,-,-,-,-,-,-,-,-,-,-,-,-,-,-,0,-,-,-,-,-,-,-,-,-,-,-
Olathe 1-08,-,-,-,-,-,-,-,-,-,-,-,-,-,-,-,-,880,98.00%,-,-,-,-,-,-,-,-,-,-
Olathe 1-09,-,-,-,-,-,-,-,-,-,-,-,-,-,-,-,-,-,-,-,-,-,-,-,-,-,-,-,-
Olathe 1-10,-,-,-,-,-,-,-,-,-,-,-,-,-,-,-,-,6,100.00%,-,-,-,-,-,-,-,-,-,-
Olathe 1-11,-,-,-,-,-,-,-,-,-,-,-,-,-,-,-,-,-,-,-,-,-,-,-,-,-,-,-,-
Olathe 1-12,-,-,-,-,-,-,-,-,-,-,-,-,-,-,-,-,-,-,-,-,-,-,-,-,-,-,-,-
Olathe 1-13,-,-,-,-,-,-,-,-,-,-,-,-,-,-,-,-,-,-,-,-,-,-,-,-,-,-,-,-
Olathe 1-14,-,-,-,-,-,-,-,-,-,-,-,-,-,-,-,-,584,97.66%,-,-,-,-,-,-,-,-,-,-
Olathe 1-15,-,-,-,-,-,-,-,-,-,-,-,-,-,-,-,-,624,99.21%,-,-,-,-,-,-,-,-,-,-
Olathe 1-16,-,-,-,-,-,-,-,-,-,-,-,-,-,-,-,-,858,98.85%,-,-,-,-,-,-,-,-,-,-
Olathe 1-17,-,-,-,-,-,-,-,-,-,-,-,-,-,-,-,-,175,98.31%,-,-,-,-,-,-,-,-,-,-
Olathe 1-18,-,-,-,-,-,-,-,-,-,-,-,-,-,-,-,-,184,98.92%,-,-,-,-,-,-,-,-,-,-
Olathe 1-19,-,-,-,-,-,-,-,-,-,-,-,-,-,-,-,-,-,-,-,-,-,-,-,-,-,-,-,-
Olathe 1-20,-,-,-,-,-,-,-,-,-,-,-,-,-,-,-,-,-,-,-,-,-,-,-,-,-,-,-,-
Olathe 1-21,-,-,-,-,-,-,-,-,-,-,-,-,-,-,-,-,-,-,-,-,-,-,-,-,-,-,-,-
Olathe 1-22,-,-,-,-,-,-,-,-,-,-,-,-,-,-,-,-,-,-,-,-,-,-,-,-,-,-,-,-
Olathe 1-23,-,-,-,-,-,-,-,-,-,-,-,-,-,-,-,-,0,-,-,-,-,-,-,-,-,-,-,-
Olathe 1-24,-,-,-,-,-,-,-,-,-,-,-,-,-,-,-,-,-,-,-,-,-,-,-,-,-,-,-,-
Olathe 1-25,-,-,-,-,-,-,-,-,-,-,-,-,-,-,-,-,-,-,-,-,-,-,-,-,-,-,-,-
Olathe 1-26,-,-,-,-,-,-,-,-,-,-,-,-,-,-,-,-,3,100.00%,-,-,-,-,-,-,-,-,-,-
Olathe 1-27,-,-,-,-,-,-,-,-,-,-,-,-,-,-,-,-,-,-,-,-,-,-,-,-,-,-,-,-
Olathe 1-28,-,-,-,-,-,-,-,-,-,-,-,-,-,-,-,-,-,-,-,-,-,-,-,-,-,-,-,-
Olathe 1-29,-,-,-,-,-,-,-,-,-,-,-,-,-,-,-,-,-,-,-,-,-,-,-,-,-,-,-,-
Olathe 2-01,-,-,-,-,-,-,-,-,-,-,-,-,-,-,-,-,-,-,-,-,-,-,-,-,-,-,-,-
Olathe 2-02,-,-,-,-,-,-,-,-,-,-,-,-,-,-,-,-,-,-,-,-,-,-,-,-,-,-,-,-
Olathe 2-03,-,-,-,-,-,-,-,-,-,-,-,-,-,-,-,-,-,-,-,-,-,-,-,-,-,-,-,-
Olathe 2-04,-,-,-,-,-,-,-,-,-,-,-,-,-,-,-,-,-,-,-,-,-,-,-,-,-,-,-,-
Olathe 2-05,-,-,-,-,-,-,-,-,-,-,-,-,-,-,-,-,-,-,-,-,-,-,-,-,-,-,-,-
Olathe 2-06,-,-,-,-,-,-,-,-,-,-,-,-,-,-,-,-,-,-,-,-,-,-,-,-,-,-,-,-
Olathe 2-07,-,-,-,-,-,-,-,-,-,-,-,-,-,-,-,-,-,-,-,-,-,-,-,-,-,-,-,-
Olathe 2-08,-,-,-,-,-,-,-,-,-,-,-,-,-,-,-,-,-,-,-,-,-,-,-,-,-,-,-,-
Olathe 2-09,-,-,-,-,-,-,-,-,-,-,-,-,-,-,-,-,-,-,-,-,-,-,-,-,-,-,-,-
Olathe 2-10,-,-,-,-,-,-,-,-,-,-,-,-,-,-,-,-,-,-,-,-,-,-,-,-,-,-,-,-
Olathe 2-11,-,-,-,-,-,-,-,-,-,-,-,-,-,-,-,-,-,-,-,-,-,-,-,-,-,-,-,-
Olathe 2-12,-,-,-,-,-,-,-,-,-,-,-,-,-,-,-,-,-,-,-,-,-,-,-,-,-,-,-,-
Olathe 2-13,-,-,-,-,-,-,-,-,-,-,-,-,-,-,-,-,-,-,-,-,-,-,-,-,-,-,-,-
Olathe 2-14,-,-,-,-,-,-,-,-,-,-,-,-,-,-,-,-,-,-,-,-,-,-,-,-,-,-,-,-
Olathe 2-15,-,-,-,-,-,-,-,-,-,-,-,-,-,-,-,-,-,-,-,-,-,-,-,-,-,-,-,-
Olathe 2-16,-,-,-,-,-,-,-,-,-,-,-,-,-,-,-,-,-,-,-,-,-,-,-,-,-,-,-,-
Olathe 2-17,-,-,-,-,-,-,-,-,-,-,-,-,-,-,-,-,-,-,-,-,-,-,-,-,-,-,-,-
Olathe 2-18,-,-,-,-,-,-,-,-,-,-,-,-,-,-,-,-,-,-,-,-,-,-,-,-,-,-,-,-
Olathe 2-19,-,-,-,-,-,-,-,-,-,-,-,-,-,-,-,-,-,-,-,-,-,-,-,-,-,-,-,-
Olathe 2-20,-,-,-,-,-,-,-,-,-,-,-,-,-,-,-,-,-,-,-,-,-,-,-,-,-,-,-,-
Olathe 2-21,-,-,-,-,-,-,-,-,-,-,-,-,-,-,-,-,-,-,-,-,-,-,-,-,-,-,-,-
Olathe 2-22,-,-,-,-,-,-,-,-,-,-,-,-,-,-,-,-,-,-,-,-,-,-,-,-,-,-,-,-
Olathe 2-23,-,-,-,-,-,-,-,-,-,-,-,-,-,-,-,-,-,-,-,-,-,-,-,-,-,-,-,-
Olathe 2-24,-,-,-,-,-,-,-,-,-,-,-,-,-,-,-,-,-,-,-,-,-,-,-,-,-,-,-,-
Olathe 2-25,-,-,-,-,-,-,-,-,-,-,-,-,-,-,-,-,-,-,-,-,-,-,-,-,-,-,-,-
Olathe 2-26,-,-,-,-,-,-,-,-,-,-,-,-,-,-,-,-,-,-,-,-,-,-,-,-,-,-,-,-
Olathe 2-27,-,-,-,-,-,-,-,-,-,-,-,-,-,-,-,-,-,-,-,-,-,-,-,-,-,-,-,-
Olathe 2-28,-,-,-,-,-,-,-,-,-,-,-,-,-,-,-,-,-,-,-,-,-,-,-,-,-,-,-,-
Olathe 3-01,-,-,-,-,-,-,-,-,-,-,-,-,-,-,-,-,-,-,-,-,-,-,-,-,-,-,-,-
Olathe 3-02,-,-,-,-,-,-,-,-,-,-,-,-,-,-,-,-,-,-,-,-,-,-,-,-,-,-,-,-
Olathe 3-03,-,-,-,-,-,-,-,-,-,-,-,-,-,-,-,-,-,-,-,-,-,-,-,-,-,-,-,-
Olathe 3-04,-,-,-,-,-,-,-,-,-,-,-,-,-,-,-,-,-,-,-,-,-,-,-,-,-,-,-,-
Olathe 3-05,-,-,-,-,-,-,-,-,-,-,-,-,-,-,-,-,-,-,-,-,-,-,-,-,-,-,-,-
Olathe 3-06,-,-,-,-,-,-,-,-,-,-,-,-,-,-,-,-,-,-,-,-,-,-,-,-,-,-,-,-
Olathe 3-07,-,-,-,-,-,-,-,-,-,-,-,-,-,-,-,-,-,-,-,-,-,-,-,-,-,-,-,-
Olathe 3-08,-,-,-,-,-,-,-,-,-,-,-,-,-,-,-,-,-,-,-,-,-,-,-,-,-,-,-,-
Olathe 3-09,-,-,-,-,-,-,-,-,-,-,-,-,-,-,-,-,-,-,-,-,-,-,-,-,-,-,-,-
Olathe 3-10,-,-,-,-,-,-,-,-,-,-,-,-,-,-,-,-,-,-,-,-,-,-,-,-,-,-,-,-
Olathe 3-11,-,-,-,-,-,-,-,-,-,-,-,-,-,-,-,-,-,-,-,-,-,-,-,-,-,-,-,-
Olathe 3-12,-,-,-,-,-,-,-,-,-,-,-,-,-,-,-,-,-,-,-,-,-,-,-,-,-,-,-,-
Olathe 3-13,-,-,-,-,-,-,-,-,-,-,-,-,-,-,-,-,-,-,-,-,-,-,-,-,-,-,-,-
Olathe 3-14,-,-,-,-,-,-,-,-,-,-,-,-,-,-,-,-,-,-,-,-,-,-,-,-,-,-,-,-
Olathe 3-15,-,-,-,-,-,-,-,-,-,-,-,-,-,-,-,-,-,-,-,-,-,-,-,-,-,-,-,-
Olathe 3-16,-,-,-,-,-,-,-,-,-,-,-,-,-,-,-,-,-,-,-,-,-,-,-,-,-,-,-,-
Olathe 3-17,-,-,-,-,-,-,-,-,-,-,-,-,-,-,-,-,-,-,-,-,-,-,-,-,-,-,-,-
Olathe 3-18,-,-,-,-,-,-,-,-,-,-,-,-,-,-,-,-,-,-,-,-,-,-,-,-,-,-,-,-
Olathe 3-19,-,-,-,-,-,-,-,-,-,-,-,-,-,-,-,-,-,-,-,-,-,-,-,-,-,-,-,-
Olathe 3-20,-,-,-,-,-,-,-,-,-,-,-,-,-,-,-,-,553,99.64%,-,-,-,-,-,-,-,-,-,-
Olathe 3-21,-,-,-,-,-,-,-,-,-,-,-,-,-,-,-,-,362,99.72%,-,-,-,-,-,-,-,-,-,-
Olathe 3-22,-,-,-,-,-,-,-,-,-,-,-,-,-,-,-,-,-,-,-,-,-,-,-,-,-,-,-,-
Olathe 3-23,-,-,-,-,-,-,-,-,-,-,-,-,-,-,-,-,-,-,-,-,-,-,-,-,-,-,-,-
Olathe 3-24,-,-,-,-,-,-,-,-,-,-,-,-,-,-,-,-,-,-,-,-,-,-,-,-,-,-,-,-
Olathe 3-25,-,-,-,-,-,-,-,-,-,-,-,-,-,-,-,-,-,-,-,-,-,-,-,-,-,-,-,-
Olathe 3-26,-,-,-,-,-,-,-,-,-,-,-,-,-,-,-,-,-,-,-,-,-,-,-,-,-,-,-,-
Olathe 3-27,-,-,-,-,-,-,-,-,-,-,-,-,-,-,-,-,-,-,-,-,-,-,-,-,-,-,-,-
Olathe 4-01,-,-,-,-,-,-,-,-,-,-,-,-,-,-,-,-,-,-,-,-,-,-,-,-,-,-,-,-
Olathe 4-02,-,-,-,-,-,-,-,-,-,-,-,-,-,-,-,-,-,-,-,-,-,-,-,-,-,-,-,-
Olathe 4-03,-,-,-,-,-,-,-,-,-,-,-,-,-,-,-,-,-,-,-,-,-,-,-,-,-,-,-,-
Olathe 4-04,-,-,-,-,-,-,-,-,-,-,-,-,-,-,-,-,-,-,-,-,-,-,-,-,-,-,-,-
Olathe 4-05,-,-,-,-,-,-,-,-,-,-,-,-,-,-,-,-,-,-,-,-,-,-,-,-,-,-,-,-
Olathe 4-06,-,-,-,-,-,-,-,-,-,-,-,-,-,-,-,-,-,-,-,-,-,-,-,-,-,-,-,-
Olathe 4-07,-,-,-,-,-,-,-,-,-,-,-,-,-,-,-,-,-,-,-,-,-,-,-,-,-,-,-,-
Olathe 4-08,-,-,-,-,-,-,-,-,-,-,-,-,-,-,-,-,-,-,-,-,-,-,-,-,-,-,-,-
Olathe 4-09,-,-,-,-,-,-,-,-,-,-,-,-,-,-,-,-,-,-,-,-,-,-,-,-,-,-,-,-
Olathe 4-10,-,-,-,-,-,-,-,-,-,-,-,-,-,-,-,-,-,-,-,-,-,-,-,-,-,-,-,-
Olathe 4-11,-,-,-,-,-,-,-,-,-,-,-,-,-,-,-,-,-,-,-,-,-,-,-,-,-,-,-,-
Olathe 4-12,-,-,-,-,-,-,-,-,-,-,-,-,-,-,-,-,-,-,-,-,-,-,-,-,-,-,-,-
Olathe 4-13,-,-,-,-,-,-,-,-,-,-,-,-,-,-,-,-,-,-,-,-,-,-,-,-,-,-,-,-
Olathe 4-14,-,-,-,-,-,-,-,-,-,-,-,-,-,-,-,-,-,-,-,-,-,-,-,-,-,-,-,-
Olathe 4-15,-,-,-,-,-,-,-,-,-,-,-,-,-,-,-,-,-,-,-,-,-,-,-,-,-,-,-,-
Olathe 4-16,-,-,-,-,-,-,-,-,-,-,-,-,-,-,-,-,-,-,-,-,-,-,-,-,-,-,-,-
Olathe 4-17,-,-,-,-,-,-,-,-,-,-,-,-,-,-,-,-,-,-,-,-,-,-,-,-,-,-,-,-
Olathe 4-18,-,-,-,-,-,-,-,-,-,-,-,-,-,-,-,-,-,-,-,-,-,-,-,-,-,-,-,-
Olathe Twp 0-01,-,-,-,-,-,-,-,-,-,-,-,-,-,-,-,-,-,-,-,-,-,-,-,-,-,-,-,-
Olathe Twp 0-02,-,-,-,-,-,-,-,-,-,-,-,-,-,-,-,-,53,100.00%,-,-,-,-,-,-,-,-,-,-
Olathe Twp 0-03,-,-,-,-,-,-,-,-,-,-,-,-,-,-,-,-,-,-,-,-,-,-,-,-,-,-,-,-
Olathe Twp 0-04,-,-,-,-,-,-,-,-,-,-,-,-,-,-,-,-,-,-,-,-,-,-,-,-,-,-,-,-
Olathe Twp 0-05,-,-,-,-,-,-,-,-,-,-,-,-,-,-,-,-,2,100.00%,-,-,-,-,-,-,-,-,-,-
Olathe Twp 0-06,-,-,-,-,-,-,-,-,-,-,-,-,-,-,-,-,1,100.00%,-,-,-,-,-,-,-,-,-,-
Olathe Twp 0-07,-,-,-,-,-,-,-,-,-,-,-,-,-,-,-,-,1,100.00%,-,-,-,-,-,-,-,-,-,-
Olathe Twp 0-08,-,-,-,-,-,-,-,-,-,-,-,-,-,-,-,-,-,-,-,-,-,-,-,-,-,-,-,-
Olathe Twp 0-09,-,-,-,-,-,-,-,-,-,-,-,-,-,-,-,-,-,-,-,-,-,-,-,-,-,-,-,-
Olathe Twp 0-10,-,-,-,-,-,-,-,-,-,-,-,-,-,-,-,-,15,93.75%,-,-,-,-,-,-,-,-,-,-
Olathe Twp 0-11,-,-,-,-,-,-,-,-,-,-,-,-,-,-,-,-,-,-,-,-,-,-,-,-,-,-,-,-
Olathe Twp 0-12,-,-,-,-,-,-,-,-,-,-,-,-,-,-,-,-,0,-,-,-,-,-,-,-,-,-,-,-
Olathe Twp 0-13,-,-,-,-,-,-,-,-,-,-,-,-,-,-,-,-,0,-,-,-,-,-,-,-,-,-,-,-
Olathe Twp 0-14,-,-,-,-,-,-,-,-,-,-,-,-,-,-,-,-,-,-,-,-,-,-,-,-,-,-,-,-
Olathe Twp 0-17,-,-,-,-,-,-,-,-,-,-,-,-,-,-,-,-,-,-,-,-,-,-,-,-,-,-,-,-
Olathe Twp 0-24,-,-,-,-,-,-,-,-,-,-,-,-,-,-,-,-,3,100.00%,-,-,-,-,-,-,-,-,-,-
Olathe Twp 0-25,-,-,-,-,-,-,-,-,-,-,-,-,-,-,-,-,8,100.00%,-,-,-,-,-,-,-,-,-,-
Olathe Twp 0-26,-,-,-,-,-,-,-,-,-,-,-,-,-,-,-,-,3,100.00%,-,-,-,-,-,-,-,-,-,-
Olathe Twp 0-27,-,-,-,-,-,-,-,-,-,-,-,-,-,-,-,-,0,-,-,-,-,-,-,-,-,-,-,-
Olathe Twp 0-32,-,-,-,-,-,-,-,-,-,-,-,-,-,-,-,-,24,100.00%,-,-,-,-,-,-,-,-,-,-
Overland Park 1-01,-,-,-,-,-,-,-,-,445,63.12%,259,36.74%,-,-,-,-,-,-,-,-,-,-,-,-,-,-,-,-
Overland Park 1-02,-,-,-,-,-,-,-,-,466,63.84%,264,36.16%,-,-,-,-,-,-,-,-,-,-,-,-,-,-,-,-
Overland Park 1-03,-,-,-,-,-,-,-,-,365,53.60%,316,46.40%,-,-,-,-,-,-,-,-,-,-,-,-,-,-,-,-
Overland Park 1-04,-,-,-,-,-,-,-,-,128,48.67%,135,51.33%,-,-,-,-,-,-,-,-,-,-,-,-,-,-,-,-
Overland Park 1-05,-,-,-,-,-,-,-,-,279,57.53%,206,42.47%,-,-,-,-,-,-,-,-,-,-,-,-,-,-,-,-
Overland Park 1-06,-,-,-,-,-,-,-,-,-,-,-,-,-,-,-,-,-,-,-,-,-,-,-,-,-,-,-,-
Overland Park 1-07,-,-,-,-,-,-,-,-,-,-,-,-,-,-,-,-,-,-,-,-,-,-,-,-,-,-,-,-
Overland Park 1-08,251,36.86%,429,63.00%,-,-,-,-,-,-,-,-,-,-,-,-,-,-,-,-,-,-,-,-,-,-,-,-
Overland Park 1-09,173,43.14%,227,56.61%,-,-,-,-,-,-,-,-,-,-,-,-,-,-,-,-,-,-,-,-,-,-,-,-
Overland Park 1-10,287,37.22%,484,62.78%,-,-,-,-,-,-,-,-,-,-,-,-,-,-,-,-,-,-,-,-,-,-,-,-
Overland Park 1-11,116,35.80%,207,63.89%,-,-,-,-,-,-,-,-,-,-,-,-,-,-,-,-,-,-,-,-,-,-,-,-
Overland Park 1-12,271,34.74%,509,65.26%,-,-,-,-,-,-,-,-,-,-,-,-,-,-,-,-,-,-,-,-,-,-,-,-
Overland Park 1-13,198,37.57%,328,62.24%,-,-,-,-,-,-,-,-,-,-,-,-,-,-,-,-,-,-,-,-,-,-,-,-
Overland Park 1-14,265,37.75%,437,62.25%,-,-,-,-,-,-,-,-,-,-,-,-,-,-,-,-,-,-,-,-,-,-,-,-
Overland Park 1-15,123,36.28%,216,63.72%,-,-,-,-,-,-,-,-,-,-,-,-,-,-,-,-,-,-,-,-,-,-,-,-
Overland Park 1-16,-,-,-,-,-,-,-,-,-,-,-,-,-,-,-,-,-,-,-,-,-,-,-,-,-,-,-,-
Overland Park 1-17,-,-,-,-,-,-,-,-,-,-,-,-,-,-,-,-,-,-,-,-,-,-,-,-,-,-,-,-
Overland Park 1-18,-,-,-,-,-,-,-,-,-,-,-,-,-,-,-,-,-,-,-,-,-,-,-,-,-,-,-,-
Overland Park 1-19,213,36.04%,378,63.96%,-,-,-,-,-,-,-,-,-,-,-,-,-,-,-,-,-,-,-,-,-,-,-,-
Overland Park 1-20,-,-,-,-,-,-,-,-,238,60.25%,157,39.75%,-,-,-,-,-,-,-,-,-,-,-,-,-,-,-,-
Overland Park 1-21,-,-,-,-,-,-,-,-,110,48.25%,118,51.75%,-,-,-,-,-,-,-,-,-,-,-,-,-,-,-,-
Overland Park 1-22,-,-,-,-,-,-,-,-,110,63.22%,64,36.78%,-,-,-,-,-,-,-,-,-,-,-,-,-,-,-,-
Overland Park 2-01,-,-,-,-,-,-,-,-,-,-,-,-,-,-,-,-,-,-,-,-,-,-,-,-,-,-,-,-
Overland Park 2-02,-,-,-,-,-,-,-,-,-,-,-,-,-,-,-,-,-,-,-,-,-,-,-,-,-,-,-,-
Overland Park 2-03,-,-,-,-,-,-,-,-,-,-,-,-,-,-,-,-,-,-,-,-,-,-,-,-,-,-,-,-
Overland Park 2-04,-,-,-,-,-,-,-,-,-,-,-,-,-,-,-,-,-,-,-,-,-,-,-,-,354,51.38%,335,48.62%
Overland Park 2-05,-,-,-,-,322,47.63%,354,52.37%,-,-,-,-,-,-,-,-,-,-,-,-,-,-,-,-,-,-,-,-
Overland Park 2-06,279,43.39%,362,56.30%,-,-,-,-,-,-,-,-,-,-,-,-,-,-,-,-,-,-,-,-,-,-,-,-
Overland Park 2-07,217,43.31%,284,56.69%,-,-,-,-,-,-,-,-,-,-,-,-,-,-,-,-,-,-,-,-,-,-,-,-
Overland Park 2-08,-,-,-,-,-,-,-,-,-,-,-,-,-,-,-,-,-,-,-,-,-,-,-,-,-,-,-,-
Overland Park 2-09,-,-,-,-,283,48.96%,294,50.87%,-,-,-,-,-,-,-,-,-,-,-,-,-,-,-,-,-,-,-,-
Overland Park 2-10,231,50.22%,227,49.35%,-,-,-,-,-,-,-,-,-,-,-,-,-,-,-,-,-,-,-,-,-,-,-,-
Overland Park 2-11,261,41.43%,369,58.57%,-,-,-,-,-,-,-,-,-,-,-,-,-,-,-,-,-,-,-,-,-,-,-,-
Overland Park 2-12,208,43.06%,274,56.73%,-,-,-,-,-,-,-,-,-,-,-,-,-,-,-,-,-,-,-,-,-,-,-,-
Overland Park 2-13,142,36.50%,247,63.50%,-,-,-,-,-,-,-,-,-,-,-,-,-,-,-,-,-,-,-,-,-,-,-,-
Overland Park 2-14,-,-,-,-,-,-,-,-,-,-,-,-,-,-,-,-,-,-,-,-,-,-,-,-,-,-,-,-
Overland Park 2-15,-,-,-,-,-,-,-,-,-,-,-,-,-,-,-,-,-,-,-,-,-,-,-,-,-,-,-,-
Overland Park 2-16,-,-,-,-,-,-,-,-,-,-,-,-,-,-,-,-,-,-,-,-,-,-,-,-,-,-,-,-
Overland Park 2-17,-,-,-,-,-,-,-,-,-,-,-,-,-,-,-,-,-,-,-,-,-,-,-,-,-,-,-,-
Overland Park 2-18,316,38.77%,498,61.10%,-,-,-,-,-,-,-,-,-,-,-,-,-,-,-,-,-,-,-,-,-,-,-,-
Overland Park 2-19,-,-,-,-,-,-,-,-,-,-,-,-,-,-,-,-,-,-,-,-,-,-,-,-,-,-,-,-
Overland Park 2-20,-,-,-,-,-,-,-,-,-,-,-,-,-,-,-,-,-,-,-,-,-,-,-,-,-,-,-,-
Overland Park 2-21,-,-,-,-,-,-,-,-,-,-,-,-,-,-,-,-,-,-,-,-,-,-,-,-,-,-,-,-
Overland Park 2-22,-,-,-,-,-,-,-,-,-,-,-,-,-,-,-,-,-,-,-,-,-,-,-,-,-,-,-,-
Overland Park 2-23,-,-,-,-,-,-,-,-,-,-,-,-,-,-,-,-,-,-,-,-,-,-,-,-,-,-,-,-
Overland Park 2-24,-,-,-,-,-,-,-,-,-,-,-,-,-,-,-,-,-,-,-,-,-,-,-,-,-,-,-,-
Overland Park 2-25,-,-,-,-,-,-,-,-,-,-,-,-,-,-,-,-,-,-,-,-,-,-,-,-,-,-,-,-
Overland Park 2-26,-,-,-,-,124,43.51%,161,56.49%,-,-,-,-,-,-,-,-,-,-,-,-,-,-,-,-,-,-,-,-
Overland Park 3-01,-,-,-,-,-,-,-,-,-,-,-,-,-,-,-,-,-,-,-,-,-,-,-,-,-,-,-,-
Overland Park 3-02,-,-,-,-,-,-,-,-,-,-,-,-,-,-,-,-,-,-,-,-,-,-,-,-,317,48.84%,332,51.16%
Overland Park 3-03,-,-,-,-,-,-,-,-,-,-,-,-,-,-,-,-,-,-,-,-,-,-,-,-,255,43.74%,328,56.26%
Overland Park 3-04,-,-,-,-,-,-,-,-,-,-,-,-,-,-,-,-,-,-,-,-,-,-,-,-,403,49.94%,404,50.06%
Overland Park 3-05,-,-,-,-,-,-,-,-,-,-,-,-,-,-,-,-,-,-,-,-,-,-,-,-,368,47.55%,406,52.45%
Overland Park 3-06,-,-,-,-,-,-,-,-,-,-,-,-,-,-,-,-,-,-,-,-,-,-,-,-,430,48.37%,459,51.63%
Overland Park 3-07,-,-,-,-,-,-,-,-,-,-,-,-,-,-,-,-,-,-,-,-,-,-,-,-,323,52.52%,291,47.32%
Overland Park 3-08,-,-,-,-,-,-,-,-,-,-,-,-,-,-,-,-,-,-,-,-,-,-,-,-,278,42.77%,372,57.23%
Overland Park 3-09,-,-,-,-,-,-,-,-,-,-,-,-,-,-,-,-,-,-,-,-,-,-,-,-,-,-,-,-
Overland Park 3-10,-,-,-,-,-,-,-,-,-,-,-,-,-,-,-,-,-,-,-,-,-,-,-,-,-,-,-,-
Overland Park 3-11,-,-,-,-,-,-,-,-,-,-,-,-,-,-,-,-,-,-,-,-,-,-,-,-,-,-,-,-
Overland Park 3-12,-,-,-,-,-,-,-,-,-,-,-,-,-,-,-,-,-,-,-,-,-,-,-,-,311,58.90%,216,40.91%
Overland Park 3-13,-,-,-,-,-,-,-,-,-,-,-,-,-,-,-,-,-,-,-,-,-,-,-,-,-,-,-,-
Overland Park 3-14,-,-,-,-,-,-,-,-,-,-,-,-,-,-,-,-,-,-,-,-,-,-,-,-,-,-,-,-
Overland Park 3-15,-,-,-,-,-,-,-,-,-,-,-,-,-,-,-,-,-,-,-,-,-,-,-,-,-,-,-,-
Overland Park 3-16,-,-,-,-,-,-,-,-,-,-,-,-,-,-,-,-,-,-,-,-,-,-,-,-,-,-,-,-
Overland Park 3-17,-,-,-,-,-,-,-,-,-,-,-,-,-,-,-,-,-,-,-,-,-,-,-,-,228,43.85%,292,56.15%
Overland Park 3-18,-,-,-,-,-,-,-,-,-,-,-,-,-,-,-,-,-,-,-,-,-,-,-,-,-,-,-,-
Overland Park 3-19,-,-,-,-,-,-,-,-,-,-,-,-,-,-,-,-,-,-,-,-,-,-,-,-,301,41.23%,429,58.77%
Overland Park 3-20,-,-,-,-,-,-,-,-,-,-,-,-,-,-,-,-,-,-,-,-,-,-,-,-,-,-,-,-
Overland Park 4-01,-,-,-,-,-,-,-,-,-,-,-,-,-,-,-,-,-,-,-,-,-,-,-,-,-,-,-,-
Overland Park 4-02,-,-,-,-,-,-,-,-,-,-,-,-,-,-,-,-,-,-,-,-,-,-,-,-,-,-,-,-
Overland Park 4-03,-,-,-,-,-,-,-,-,-,-,-,-,-,-,-,-,-,-,-,-,-,-,-,-,-,-,-,-
Overland Park 4-04,-,-,-,-,-,-,-,-,-,-,-,-,-,-,-,-,-,-,-,-,-,-,-,-,-,-,-,-
Overland Park 4-05,-,-,-,-,-,-,-,-,-,-,-,-,-,-,-,-,-,-,-,-,-,-,-,-,-,-,-,-
Overland Park 4-06,-,-,-,-,-,-,-,-,-,-,-,-,-,-,-,-,-,-,-,-,-,-,-,-,-,-,-,-
Overland Park 4-07,-,-,-,-,-,-,-,-,-,-,-,-,-,-,-,-,-,-,-,-,-,-,-,-,-,-,-,-
Overland Park 4-08,-,-,-,-,-,-,-,-,-,-,-,-,-,-,-,-,-,-,-,-,-,-,-,-,-,-,-,-
Overland Park 4-09,-,-,-,-,-,-,-,-,-,-,-,-,-,-,-,-,-,-,-,-,-,-,-,-,-,-,-,-
Overland Park 4-10,-,-,-,-,-,-,-,-,-,-,-,-,-,-,-,-,-,-,-,-,-,-,-,-,-,-,-,-
Overland Park 4-11,-,-,-,-,-,-,-,-,-,-,-,-,-,-,-,-,-,-,-,-,-,-,-,-,-,-,-,-
Overland Park 4-12,-,-,-,-,-,-,-,-,-,-,-,-,-,-,-,-,-,-,-,-,-,-,-,-,-,-,-,-
Overland Park 4-13,-,-,-,-,-,-,-,-,-,-,-,-,-,-,-,-,-,-,-,-,-,-,-,-,-,-,-,-
Overland Park 4-14,-,-,-,-,-,-,-,-,-,-,-,-,-,-,-,-,-,-,-,-,-,-,-,-,-,-,-,-
Overland Park 4-15,-,-,-,-,-,-,-,-,-,-,-,-,-,-,-,-,-,-,-,-,-,-,-,-,-,-,-,-
Overland Park 4-16,-,-,-,-,-,-,-,-,-,-,-,-,-,-,-,-,-,-,-,-,-,-,-,-,-,-,-,-
Overland Park 4-17,-,-,-,-,-,-,-,-,-,-,-,-,-,-,-,-,-,-,-,-,-,-,-,-,-,-,-,-
Overland Park 4-18,-,-,-,-,-,-,-,-,-,-,-,-,-,-,-,-,-,-,-,-,-,-,-,-,-,-,-,-
Overland Park 5-01,-,-,-,-,-,-,-,-,-,-,-,-,-,-,-,-,-,-,-,-,-,-,-,-,338,41.22%,482,58.78%
Overland Park 5-02,-,-,-,-,-,-,-,-,-,-,-,-,-,-,-,-,-,-,-,-,-,-,-,-,192,43.15%,252,56.63%
Overland Park 5-03,-,-,-,-,-,-,-,-,-,-,-,-,-,-,-,-,-,-,-,-,-,-,-,-,230,37.04%,390,62.80%
Overland Park 5-04,-,-,-,-,-,-,-,-,-,-,-,-,-,-,-,-,-,-,-,-,-,-,-,-,337,45.54%,403,54.46%
Overland Park 5-05,-,-,-,-,-,-,-,-,-,-,-,-,-,-,-,-,-,-,-,-,-,-,-,-,-,-,-,-
Overland Park 5-06,-,-,-,-,-,-,-,-,-,-,-,-,-,-,-,-,-,-,-,-,381,48.29%,408,51.71%,-,-,-,-
Overland Park 5-07,-,-,-,-,-,-,-,-,-,-,-,-,-,-,-,-,-,-,-,-,296,29.39%,711,70.61%,-,-,-,-
Overland Park 5-08,-,-,-,-,-,-,-,-,-,-,-,-,-,-,-,-,-,-,-,-,524,43.13%,691,56.87%,-,-,-,-
Overland Park 5-09,-,-,-,-,-,-,-,-,-,-,-,-,-,-,-,-,-,-,-,-,459,44.78%,566,55.22%,-,-,-,-
Overland Park 5-10,-,-,-,-,-,-,-,-,-,-,-,-,-,-,-,-,-,-,-,-,-,-,-,-,-,-,-,-
Overland Park 5-11,-,-,-,-,-,-,-,-,-,-,-,-,-,-,-,-,-,-,-,-,-,-,-,-,441,44.10%,559,55.90%
Overland Park 5-12,-,-,-,-,-,-,-,-,-,-,-,-,-,-,-,-,-,-,-,-,-,-,-,-,108,46.35%,125,53.65%
Overland Park 5-13,-,-,-,-,-,-,-,-,-,-,-,-,-,-,-,-,-,-,-,-,-,-,-,-,-,-,-,-
Overland Park 5-14,-,-,-,-,-,-,-,-,-,-,-,-,-,-,-,-,-,-,-,-,-,-,-,-,-,-,-,-
Overland Park 5-15,-,-,-,-,-,-,-,-,-,-,-,-,-,-,-,-,-,-,-,-,-,-,-,-,-,-,-,-
Overland Park 5-16,-,-,-,-,-,-,-,-,-,-,-,-,-,-,-,-,-,-,-,-,250,48.83%,261,50.98%,-,-,-,-
Overland Park 5-17,-,-,-,-,-,-,-,-,-,-,-,-,-,-,-,-,-,-,-,-,190,53.37%,166,46.63%,-,-,-,-
Overland Park 5-18,-,-,-,-,-,-,-,-,-,-,-,-,-,-,-,-,-,-,-,-,-,-,-,-,-,-,-,-
Overland Park 5-19,-,-,-,-,-,-,-,-,-,-,-,-,-,-,-,-,-,-,-,-,-,-,-,-,-,-,-,-
Overland Park 6-01,-,-,-,-,-,-,-,-,-,-,-,-,-,-,-,-,-,-,-,-,-,-,-,-,-,-,-,-
Overland Park 6-02,-,-,-,-,-,-,-,-,-,-,-,-,-,-,-,-,-,-,-,-,-,-,-,-,-,-,-,-
Overland Park 6-03,-,-,-,-,-,-,-,-,-,-,-,-,-,-,-,-,-,-,-,-,-,-,-,-,-,-,-,-
Overland Park 6-04,-,-,-,-,-,-,-,-,-,-,-,-,-,-,-,-,-,-,-,-,-,-,-,-,-,-,-,-
Overland Park 6-05,-,-,-,-,-,-,-,-,-,-,-,-,-,-,-,-,-,-,-,-,-,-,-,-,-,-,-,-
Overland Park 6-06,-,-,-,-,-,-,-,-,-,-,-,-,-,-,-,-,-,-,1,100.00%,-,-,-,-,-,-,-,-
Overland Park 6-07,-,-,-,-,-,-,-,-,-,-,-,-,-,-,-,-,-,-,-,-,-,-,-,-,-,-,-,-
Overland Park 6-08,-,-,-,-,-,-,-,-,-,-,-,-,-,-,-,-,-,-,946,98.95%,-,-,-,-,-,-,-,-
Overland Park 6-09,-,-,-,-,-,-,-,-,-,-,-,-,-,-,-,-,-,-,898,98.90%,-,-,-,-,-,-,-,-
Overland Park 6-10,-,-,-,-,-,-,-,-,-,-,-,-,-,-,-,-,-,-,677,99.12%,-,-,-,-,-,-,-,-
Overland Park 6-11,-,-,-,-,-,-,-,-,-,-,-,-,-,-,-,-,-,-,656,97.19%,-,-,-,-,-,-,-,-
Overland Park 6-12,-,-,-,-,-,-,-,-,-,-,-,-,-,-,-,-,-,-,293,98.32%,-,-,-,-,-,-,-,-
Overland Park 6-13,-,-,-,-,-,-,-,-,-,-,-,-,-,-,-,-,-,-,853,99.30%,-,-,-,-,-,-,-,-
Overland Park 6-14,-,-,-,-,-,-,-,-,-,-,-,-,-,-,-,-,-,-,3,100.00%,-,-,-,-,-,-,-,-
Overland Park 6-15,-,-,-,-,-,-,-,-,-,-,-,-,-,-,-,-,-,-,926,99.14%,-,-,-,-,-,-,-,-
Overland Park 6-16,-,-,-,-,-,-,-,-,-,-,-,-,-,-,-,-,-,-,-,-,-,-,-,-,-,-,-,-
Overland Park 6-17,-,-,-,-,-,-,-,-,-,-,-,-,-,-,-,-,-,-,-,-,-,-,-,-,-,-,-,-
Overland Park 6-18,-,-,-,-,-,-,-,-,-,-,-,-,-,-,-,-,-,-,0,-,-,-,-,-,-,-,-,-
Overland Park 6-19,-,-,-,-,-,-,-,-,-,-,-,-,-,-,-,-,-,-,797,96.96%,-,-,-,-,-,-,-,-
Overland Park 6-20,-,-,-,-,-,-,-,-,-,-,-,-,-,-,-,-,-,-,368,99.46%,-,-,-,-,-,-,-,-
Overland Park 6-21,-,-,-,-,-,-,-,-,-,-,-,-,-,-,-,-,-,-,-,-,-,-,-,-,-,-,-,-
Overland Park 6-22,-,-,-,-,-,-,-,-,-,-,-,-,-,-,-,-,-,-,289,98.97%,-,-,-,-,-,-,-,-
Overland Park 6-23,-,-,-,-,-,-,-,-,-,-,-,-,-,-,-,-,-,-,-,-,-,-,-,-,-,-,-,-
Oxford Twp 0-01,-,-,-,-,-,-,-,-,-,-,-,-,-,-,-,-,1,100.00%,-,-,-,-,-,-,-,-,-,-
Oxford Twp 0-02,-,-,-,-,-,-,-,-,-,-,-,-,-,-,-,-,-,-,490,98.59%,-,-,-,-,-,-,-,-
Oxford Twp 0-03,-,-,-,-,-,-,-,-,-,-,-,-,-,-,-,-,-,-,-,-,-,-,-,-,-,-,-,-
Oxford Twp 0-04,-,-,-,-,-,-,-,-,-,-,-,-,-,-,-,-,-,-,402,98.29%,-,-,-,-,-,-,-,-
Oxford Twp 0-05,-,-,-,-,-,-,-,-,-,-,-,-,-,-,-,-,-,-,-,-,2,14.29%,12,85.71%,-,-,-,-
Oxford Twp 0-08,-,-,-,-,-,-,-,-,-,-,-,-,-,-,-,-,-,-,0,-,-,-,-,-,-,-,-,-
Oxford Twp 0-09,-,-,-,-,-,-,-,-,-,-,-,-,-,-,-,-,-,-,28,90.32%,-,-,-,-,-,-,-,-
Oxford Twp 0-10,-,-,-,-,-,-,-,-,-,-,-,-,-,-,-,-,-,-,2,100.00%,-,-,-,-,-,-,-,-
Oxford Twp 0-11,-,-,-,-,-,-,-,-,-,-,-,-,-,-,-,-,-,-,-,-,-,-,-,-,-,-,-,-
Prairie Village 1-01,-,-,-,-,-,-,-,-,-,-,-,-,370,42.82%,493,57.06%,-,-,-,-,-,-,-,-,-,-,-,-
Prairie Village 1-02,-,-,-,-,-,-,-,-,-,-,-,-,-,-,-,-,-,-,-,-,-,-,-,-,-,-,-,-
Prairie Village 1-03,-,-,-,-,-,-,-,-,-,-,-,-,-,-,-,-,-,-,-,-,-,-,-,-,-,-,-,-
Prairie Village 2-01,-,-,-,-,-,-,-,-,-,-,-,-,-,-,-,-,-,-,-,-,-,-,-,-,-,-,-,-
Prairie Village 2-02,-,-,-,-,-,-,-,-,-,-,-,-,-,-,-,-,-,-,-,-,-,-,-,-,-,-,-,-
Prairie Village 2-03,-,-,-,-,-,-,-,-,-,-,-,-,-,-,-,-,-,-,-,-,-,-,-,-,-,-,-,-
Prairie Village 3-01,-,-,-,-,-,-,-,-,-,-,-,-,-,-,-,-,-,-,-,-,-,-,-,-,-,-,-,-
Prairie Village 3-02,-,-,-,-,-,-,-,-,-,-,-,-,-,-,-,-,-,-,-,-,-,-,-,-,-,-,-,-
Prairie Village 3-03,-,-,-,-,-,-,-,-,-,-,-,-,-,-,-,-,-,-,-,-,-,-,-,-,-,-,-,-
Prairie Village 4-01,-,-,-,-,-,-,-,-,-,-,-,-,-,-,-,-,-,-,-,-,-,-,-,-,-,-,-,-
Prairie Village 4-02,-,-,-,-,-,-,-,-,-,-,-,-,-,-,-,-,-,-,-,-,-,-,-,-,-,-,-,-
Prairie Village 4-03,-,-,-,-,-,-,-,-,-,-,-,-,-,-,-,-,-,-,-,-,-,-,-,-,-,-,-,-
Prairie Village 5-01,-,-,-,-,-,-,-,-,-,-,-,-,-,-,-,-,-,-,-,-,-,-,-,-,-,-,-,-
Prairie Village 5-02,-,-,-,-,-,-,-,-,-,-,-,-,-,-,-,-,-,-,-,-,-,-,-,-,-,-,-,-
Prairie Village 5-03,-,-,-,-,-,-,-,-,-,-,-,-,-,-,-,-,-,-,-,-,-,-,-,-,-,-,-,-
Prairie Village 6-01,-,-,-,-,-,-,-,-,-,-,-,-,-,-,-,-,-,-,-,-,-,-,-,-,-,-,-,-
Prairie Village 6-02,-,-,-,-,-,-,-,-,-,-,-,-,-,-,-,-,-,-,-,-,-,-,-,-,-,-,-,-
Prairie Village 6-03,-,-,-,-,-,-,-,-,-,-,-,-,-,-,-,-,-,-,-,-,-,-,-,-,-,-,-,-
Roeland Park 1-01,-,-,-,-,-,-,-,-,-,-,-,-,264,69.47%,116,30.53%,-,-,-,-,-,-,-,-,-,-,-,-
Roeland Park 1-02,-,-,-,-,-,-,-,-,-,-,-,-,164,65.60%,86,34.40%,-,-,-,-,-,-,-,-,-,-,-,-
Roeland Park 1-03,-,-,-,-,-,-,-,-,-,-,-,-,0,-,0,-,-,-,-,-,-,-,-,-,-,-,-,-
Roeland Park 2-01,-,-,-,-,-,-,-,-,-,-,-,-,232,61.05%,147,38.68%,-,-,-,-,-,-,-,-,-,-,-,-
Roeland Park 2-02,-,-,-,-,-,-,-,-,-,-,-,-,300,60.73%,194,39.27%,-,-,-,-,-,-,-,-,-,-,-,-
Roeland Park 3-01,-,-,-,-,-,-,-,-,-,-,-,-,190,57.75%,139,42.25%,-,-,-,-,-,-,-,-,-,-,-,-
Roeland Park 3-02,-,-,-,-,-,-,-,-,-,-,-,-,318,54.08%,269,45.75%,-,-,-,-,-,-,-,-,-,-,-,-
Roeland Park 4-01,-,-,-,-,-,-,-,-,-,-,-,-,149,56.65%,113,42.97%,-,-,-,-,-,-,-,-,-,-,-,-
Roeland Park 4-02,-,-,-,-,-,-,-,-,-,-,-,-,466,60.60%,298,38.75%,-,-,-,-,-,-,-,-,-,-,-,-
Shawnee 1-01,-,-,-,-,-,-,-,-,-,-,-,-,-,-,-,-,-,-,-,-,-,-,-,-,-,-,-,-
Shawnee 1-02,-,-,-,-,-,-,-,-,-,-,-,-,-,-,-,-,-,-,-,-,-,-,-,-,-,-,-,-
Shawnee 1-03,-,-,-,-,-,-,-,-,-,-,-,-,-,-,-,-,-,-,-,-,-,-,-,-,-,-,-,-
Shawnee 1-04,-,-,-,-,-,-,-,-,-,-,-,-,-,-,-,-,-,-,-,-,-,-,-,-,-,-,-,-
Shawnee 1-05,-,-,-,-,-,-,-,-,-,-,-,-,-,-,-,-,-,-,-,-,-,-,-,-,-,-,-,-
Shawnee 1-06,-,-,-,-,-,-,-,-,-,-,-,-,-,-,-,-,-,-,-,-,-,-,-,-,-,-,-,-
Shawnee 1-07,-,-,-,-,-,-,-,-,-,-,-,-,-,-,-,-,-,-,-,-,-,-,-,-,-,-,-,-
Shawnee 1-08,-,-,-,-,-,-,-,-,-,-,-,-,-,-,-,-,-,-,-,-,-,-,-,-,-,-,-,-
Shawnee 1-09,-,-,-,-,-,-,-,-,-,-,-,-,-,-,-,-,-,-,-,-,-,-,-,-,-,-,-,-
Shawnee 1-10,-,-,-,-,-,-,-,-,-,-,-,-,-,-,-,-,-,-,-,-,-,-,-,-,-,-,-,-
Shawnee 1-11,-,-,-,-,-,-,-,-,-,-,-,-,-,-,-,-,-,-,-,-,-,-,-,-,-,-,-,-
Shawnee 1-12,-,-,-,-,-,-,-,-,-,-,-,-,-,-,-,-,-,-,-,-,-,-,-,-,-,-,-,-
Shawnee 2-01,-,-,-,-,-,-,-,-,-,-,-,-,-,-,-,-,-,-,-,-,-,-,-,-,-,-,-,-
Shawnee 2-02,-,-,-,-,-,-,-,-,-,-,-,-,-,-,-,-,-,-,-,-,-,-,-,-,-,-,-,-
Shawnee 2-03,-,-,-,-,-,-,-,-,-,-,-,-,-,-,-,-,-,-,-,-,-,-,-,-,-,-,-,-
Shawnee 2-04,-,-,-,-,-,-,-,-,-,-,-,-,-,-,-,-,-,-,-,-,-,-,-,-,-,-,-,-
Shawnee 2-05,-,-,-,-,-,-,-,-,-,-,-,-,-,-,-,-,-,-,-,-,-,-,-,-,-,-,-,-
Shawnee 2-06,-,-,-,-,-,-,-,-,-,-,-,-,-,-,-,-,-,-,-,-,-,-,-,-,-,-,-,-
Shawnee 2-07,-,-,-,-,-,-,-,-,-,-,-,-,-,-,-,-,-,-,-,-,-,-,-,-,-,-,-,-
Shawnee 2-08,-,-,-,-,-,-,-,-,-,-,-,-,-,-,-,-,-,-,-,-,-,-,-,-,-,-,-,-
Shawnee 2-09,-,-,-,-,-,-,-,-,-,-,-,-,-,-,-,-,-,-,-,-,-,-,-,-,-,-,-,-
Shawnee 2-10,-,-,-,-,-,-,-,-,-,-,-,-,-,-,-,-,-,-,-,-,-,-,-,-,-,-,-,-
Shawnee 2-11,-,-,-,-,-,-,-,-,-,-,-,-,-,-,-,-,-,-,-,-,-,-,-,-,-,-,-,-
Shawnee 2-12,-,-,-,-,79,37.26%,133,62.74%,-,-,-,-,-,-,-,-,-,-,-,-,-,-,-,-,-,-,-,-
Shawnee 2-13,-,-,-,-,171,53.27%,149,46.42%,-,-,-,-,-,-,-,-,-,-,-,-,-,-,-,-,-,-,-,-
Shawnee 3-01,-,-,-,-,-,-,-,-,-,-,-,-,-,-,-,-,-,-,-,-,-,-,-,-,-,-,-,-
Shawnee 3-02,-,-,-,-,-,-,-,-,-,-,-,-,-,-,-,-,-,-,-,-,-,-,-,-,-,-,-,-
Shawnee 3-03,-,-,-,-,-,-,-,-,-,-,-,-,-,-,-,-,-,-,-,-,-,-,-,-,-,-,-,-
Shawnee 3-04,-,-,-,-,-,-,-,-,-,-,-,-,-,-,-,-,-,-,-,-,-,-,-,-,-,-,-,-
Shawnee 3-05,-,-,-,-,-,-,-,-,-,-,-,-,-,-,-,-,-,-,-,-,-,-,-,-,-,-,-,-
Shawnee 3-06,-,-,-,-,-,-,-,-,-,-,-,-,-,-,-,-,-,-,-,-,-,-,-,-,-,-,-,-
Shawnee 3-07,-,-,-,-,-,-,-,-,-,-,-,-,-,-,-,-,-,-,-,-,-,-,-,-,-,-,-,-
Shawnee 3-08,-,-,-,-,-,-,-,-,-,-,-,-,-,-,-,-,-,-,-,-,-,-,-,-,-,-,-,-
Shawnee 3-09,-,-,-,-,-,-,-,-,-,-,-,-,-,-,-,-,-,-,-,-,-,-,-,-,-,-,-,-
Shawnee 4-01,-,-,-,-,609,59.65%,411,40.25%,-,-,-,-,-,-,-,-,-,-,-,-,-,-,-,-,-,-,-,-
Shawnee 4-02,-,-,-,-,-,-,-,-,-,-,-,-,-,-,-,-,-,-,-,-,-,-,-,-,-,-,-,-
Shawnee 4-03,-,-,-,-,155,60.31%,102,39.69%,-,-,-,-,-,-,-,-,-,-,-,-,-,-,-,-,-,-,-,-
Shawnee 4-04,-,-,-,-,143,39.18%,222,60.82%,-,-,-,-,-,-,-,-,-,-,-,-,-,-,-,-,-,-,-,-
Shawnee 4-05,-,-,-,-,-,-,-,-,-,-,-,-,-,-,-,-,-,-,-,-,-,-,-,-,-,-,-,-
Shawnee 4-06,-,-,-,-,-,-,-,-,-,-,-,-,-,-,-,-,-,-,-,-,-,-,-,-,-,-,-,-
Shawnee 4-07,-,-,-,-,-,-,-,-,-,-,-,-,-,-,-,-,-,-,-,-,-,-,-,-,-,-,-,-
Shawnee 4-08,-,-,-,-,-,-,-,-,-,-,-,-,-,-,-,-,-,-,-,-,-,-,-,-,-,-,-,-
Shawnee 4-09,-,-,-,-,-,-,-,-,-,-,-,-,-,-,-,-,-,-,-,-,-,-,-,-,-,-,-,-
Shawnee 4-10,-,-,-,-,-,-,-,-,-,-,-,-,-,-,-,-,-,-,-,-,-,-,-,-,-,-,-,-
Shawnee 4-11,-,-,-,-,-,-,-,-,-,-,-,-,-,-,-,-,-,-,-,-,-,-,-,-,-,-,-,-
Shawnee 4-12,-,-,-,-,-,-,-,-,-,-,-,-,-,-,-,-,-,-,-,-,-,-,-,-,-,-,-,-
Shawnee 4-13,-,-,-,-,-,-,-,-,-,-,-,-,-,-,-,-,-,-,-,-,-,-,-,-,-,-,-,-
Spring Hill 0-01,-,-,-,-,-,-,-,-,-,-,-,-,-,-,-,-,1047,98.68%,-,-,-,-,-,-,-,-,-,-
Spring Hill 0-02,-,-,-,-,-,-,-,-,-,-,-,-,-,-,-,-,0,-,-,-,-,-,-,-,-,-,-,-
Spring Hill 0-03,-,-,-,-,-,-,-,-,-,-,-,-,-,-,-,-,38,97.44%,-,-,-,-,-,-,-,-,-,-
Spring Hill 0-04,-,-,-,-,-,-,-,-,-,-,-,-,-,-,-,-,0,-,-,-,-,-,-,-,-,-,-,-
Spring Hill Twp 0-01,-,-,-,-,-,-,-,-,-,-,-,-,-,-,-,-,740,98.93%,-,-,-,-,-,-,-,-,-,-
Spring Hill Twp 0-02,-,-,-,-,-,-,-,-,-,-,-,-,-,-,-,-,2,100.00%,-,-,-,-,-,-,-,-,-,-
Spring Hill Twp 0-03,-,-,-,-,-,-,-,-,-,-,-,-,-,-,-,-,75,100.00%,-,-,-,-,-,-,-,-,-,-
Spring Hill Twp 0-04,-,-,-,-,-,-,-,-,-,-,-,-,-,-,-,-,15,100.00%,-,-,-,-,-,-,-,-,-,-
Spring Hill Twp 0-05,-,-,-,-,-,-,-,-,-,-,-,-,-,-,-,-,10,100.00%,-,-,-,-,-,-,-,-,-,-
Westwood 0-01,-,-,-,-,-,-,-,-,-,-,-,-,277,60.35%,181,39.43%,-,-,-,-,-,-,-,-,-,-,-,-
Westwood 0-02,-,-,-,-,-,-,-,-,-,-,-,-,231,53.35%,202,46.65%,-,-,-,-,-,-,-,-,-,-,-,-
Westwood Hills 0-01,-,-,-,-,-,-,-,-,-,-,-,-,123,50.83%,118,48.76%,-,-,-,-,-,-,-,-,-,-,-,-
Total,3551,39.29%,5476,60.60%,4390,50.90%,4228,49.02%,5716,58.84%,3989,41.06%,6376,49.17%,6573,50.69%,7385,98.84%,10101,98.66%,4742,42.82%,6328,57.14%,5214,46.17%,6075,53.79%
City Ward,,,,,,,,,,,,,,,,,,,,,,,,,,,,
Aubry Township,0,-,0,-,0,-,0,-,0,-,0,-,0,-,0,-,14,100.00%,2072,98.95%,0,-,0,-,0,-,0,-
Bonner Springs Ward 4,0,-,0,-,0,-,0,-,0,-,0,-,0,-,0,-,0,-,0,-,0,-,0,-,0,-,0,-
De Soto,0,-,0,-,0,-,0,-,0,-,0,-,0,-,0,-,0,-,0,-,0,-,0,-,0,-,0,-
Edgerton,0,-,0,-,0,-,0,-,0,-,0,-,0,-,0,-,0,-,0,-,0,-,0,-,0,-,0,-
Fairway Ward 1,0,-,0,-,0,-,0,-,0,-,0,-,240,38.96%,376,61.04%,0,-,0,-,0,-,0,-,0,-,0,-
Fairway Ward 2,0,-,0,-,0,-,0,-,0,-,0,-,193,35.81%,345,64.01%,0,-,0,-,0,-,0,-,0,-,0,-
Fairway Ward 3,0,-,0,-,0,-,0,-,0,-,0,-,230,32.76%,472,67.24%,0,-,0,-,0,-,0,-,0,-,0,-
Fairway Ward 4,0,-,0,-,0,-,0,-,0,-,0,-,327,55.05%,266,44.78%,0,-,0,-,0,-,0,-,0,-,0,-
Gardner,0,-,0,-,0,-,0,-,0,-,0,-,0,-,0,-,0,-,0,-,0,-,0,-,0,-,0,-
Gardner Township,0,-,0,-,0,-,0,-,0,-,0,-,0,-,0,-,0,-,0,-,0,-,0,-,0,-,0,-
Lake Quivira,0,-,0,-,0,-,0,-,0,-,0,-,0,-,0,-,0,-,0,-,0,-,0,-,0,-,0,-
Leawood Ward 1,0,-,0,-,0,-,0,-,0,-,0,-,0,-,0,-,0,-,0,-,0,-,0,-,0,-,0,-
Leawood Ward 2,0,-,0,-,0,-,0,-,0,-,0,-,0,-,0,-,0,-,0,-,0,-,0,-,0,-,0,-
Leawood Ward 3,0,-,0,-,0,-,0,-,0,-,0,-,0,-,0,-,0,-,0,-,1030,41.82%,1433,58.18%,0,-,0,-
Leawood Ward 4,0,-,0,-,0,-,0,-,0,-,0,-,0,-,0,-,0,-,400,99.01%,1610,43.60%,2080,56.32%,0,-,0,-
Lenexa Ward 1,0,-,0,-,0,-,0,-,0,-,0,-,0,-,0,-,0,-,0,-,0,-,0,-,0,-,0,-
Lenexa Ward 2,0,-,0,-,0,-,0,-,0,-,0,-,0,-,0,-,0,-,0,-,0,-,0,-,0,-,0,-
Lenexa Ward 3,0,-,0,-,2064,51.47%,1943,48.45%,0,-,0,-,0,-,0,-,0,-,0,-,0,-,0,-,0,-,0,-
Lenexa Ward 4,0,-,0,-,440,48.89%,459,51.00%,0,-,0,-,0,-,0,-,0,-,0,-,0,-,0,-,0,-,0,-
Lexington Township,0,-,0,-,0,-,0,-,0,-,0,-,0,-,0,-,0,-,0,-,0,-,0,-,0,-,0,-
McCamish Township,0,-,0,-,0,-,0,-,0,-,0,-,0,-,0,-,0,-,0,-,0,-,0,-,0,-,0,-
Merriam Ward 1,0,-,0,-,0,-,0,-,676,61.12%,427,38.61%,0,-,0,-,0,-,0,-,0,-,0,-,0,-,0,-
Merriam Ward 2,0,-,0,-,0,-,0,-,666,58.73%,466,41.09%,0,-,0,-,0,-,0,-,0,-,0,-,0,-,0,-
Merriam Ward 3,0,-,0,-,0,-,0,-,719,59.27%,494,40.73%,0,-,0,-,0,-,0,-,0,-,0,-,0,-,0,-
Merriam Ward 4,0,-,0,-,0,-,0,-,813,53.98%,692,45.95%,0,-,0,-,0,-,0,-,0,-,0,-,0,-,0,-
Mission Hills,0,-,0,-,0,-,0,-,0,-,0,-,364,22.50%,1254,77.50%,0,-,0,-,0,-,0,-,0,-,0,-
Mission Ward 1,0,-,0,-,0,-,0,-,260,68.06%,122,31.94%,386,57.70%,283,42.30%,0,-,0,-,0,-,0,-,0,-,0,-
Mission Ward 2,0,-,0,-,0,-,0,-,0,-,0,-,592,62.05%,361,37.84%,0,-,0,-,0,-,0,-,0,-,0,-
Mission Ward 3,0,-,0,-,0,-,0,-,441,61.85%,269,37.73%,206,58.36%,147,41.64%,0,-,0,-,0,-,0,-,0,-,0,-
Mission Ward 4,0,-,0,-,0,-,0,-,0,-,0,-,710,52.13%,649,47.65%,0,-,0,-,0,-,0,-,0,-,0,-
Mission Woods,0,-,0,-,0,-,0,-,0,-,0,-,44,40.74%,64,59.26%,0,-,0,-,0,-,0,-,0,-,0,-
Olathe Township,0,-,0,-,0,-,0,-,0,-,0,-,0,-,0,-,110,99.10%,0,-,0,-,0,-,0,-,0,-
Olathe Ward 1,0,-,0,-,0,-,0,-,0,-,0,-,0,-,0,-,4418,98.66%,0,-,0,-,0,-,0,-,0,-
Olathe Ward 2,0,-,0,-,0,-,0,-,0,-,0,-,0,-,0,-,0,-,0,-,0,-,0,-,0,-,0,-
Olathe Ward 3,0,-,0,-,0,-,0,-,0,-,0,-,0,-,0,-,915,99.67%,0,-,0,-,0,-,0,-,0,-
Olathe Ward 4,0,-,0,-,0,-,0,-,0,-,0,-,0,-,0,-,0,-,0,-,0,-,0,-,0,-,0,-
Overland Park Ward 1,1897,37.08%,3215,62.84%,0,-,0,-,2141,58.48%,1519,41.49%,0,-,0,-,0,-,0,-,0,-,0,-,0,-,0,-
Overland Park Ward 2,1654,42.18%,2261,57.66%,729,47.37%,809,52.57%,0,-,0,-,0,-,0,-,0,-,0,-,0,-,0,-,354,51.38%,335,48.62%
Overland Park Ward 3,0,-,0,-,0,-,0,-,0,-,0,-,0,-,0,-,0,-,0,-,0,-,0,-,3214,47.65%,3529,52.32%
Overland Park Ward 4,0,-,0,-,0,-,0,-,0,-,0,-,0,-,0,-,0,-,0,-,0,-,0,-,0,-,0,-
Overland Park Ward 5,0,-,0,-,0,-,0,-,0,-,0,-,0,-,0,-,0,-,0,-,2100,42.82%,2803,57.16%,1646,42.65%,2211,57.29%
Overland Park Ward 6,0,-,0,-,0,-,0,-,0,-,0,-,0,-,0,-,0,-,6707,98.62%,0,-,0,-,0,-,0,-
Oxford Township,0,-,0,-,0,-,0,-,0,-,0,-,0,-,0,-,1,100.00%,922,98.19%,2,14.29%,12,85.71%,0,-,0,-
Prairie Village Ward 1,0,-,0,-,0,-,0,-,0,-,0,-,370,42.82%,493,57.06%,0,-,0,-,0,-,0,-,0,-,0,-
Prairie Village Ward 2,0,-,0,-,0,-,0,-,0,-,0,-,0,-,0,-,0,-,0,-,0,-,0,-,0,-,0,-
Prairie Village Ward 3,0,-,0,-,0,-,0,-,0,-,0,-,0,-,0,-,0,-,0,-,0,-,0,-,0,-,0,-
Prairie Village Ward 4,0,-,0,-,0,-,0,-,0,-,0,-,0,-,0,-,0,-,0,-,0,-,0,-,0,-,0,-
Prairie Village Ward 5,0,-,0,-,0,-,0,-,0,-,0,-,0,-,0,-,0,-,0,-,0,-,0,-,0,-,0,-
Prairie Village Ward 6,0,-,0,-,0,-,0,-,0,-,0,-,0,-,0,-,0,-,0,-,0,-,0,-,0,-,0,-
Roeland Park Ward 1,0,-,0,-,0,-,0,-,0,-,0,-,428,67.94%,202,32.06%,0,-,0,-,0,-,0,-,0,-,0,-
Roeland Park Ward 2,0,-,0,-,0,-,0,-,0,-,0,-,532,60.87%,341,39.02%,0,-,0,-,0,-,0,-,0,-,0,-
Roeland Park Ward 3,0,-,0,-,0,-,0,-,0,-,0,-,508,55.40%,408,44.49%,0,-,0,-,0,-,0,-,0,-,0,-
Roeland Park Ward 4,0,-,0,-,0,-,0,-,0,-,0,-,615,59.59%,411,39.83%,0,-,0,-,0,-,0,-,0,-,0,-
Shawnee Ward 1,0,-,0,-,0,-,0,-,0,-,0,-,0,-,0,-,0,-,0,-,0,-,0,-,0,-,0,-
Shawnee Ward 2,0,-,0,-,250,46.90%,282,52.91%,0,-,0,-,0,-,0,-,0,-,0,-,0,-,0,-,0,-,0,-
Shawnee Ward 3,0,-,0,-,0,-,0,-,0,-,0,-,0,-,0,-,0,-,0,-,0,-,0,-,0,-,0,-
Shawnee Ward 4,0,-,0,-,907,55.20%,735,44.74%,0,-,0,-,0,-,0,-,0,-,0,-,0,-,0,-,0,-,0,-
Spring Hill,0,-,0,-,0,-,0,-,0,-,0,-,0,-,0,-,1085,98.64%,0,-,0,-,0,-,0,-,0,-
Spring Hill Township,0,-,0,-,0,-,0,-,0,-,0,-,0,-,0,-,842,99.06%,0,-,0,-,0,-,0,-,0,-
Westwood,0,-,0,-,0,-,0,-,0,-,0,-,508,56.95%,383,42.94%,0,-,0,-,0,-,0,-,0,-,0,-
Westwood Hills,0,-,0,-,0,-,0,-,0,-,0,-,123,50.83%,118,48.76%,0,-,0,-,0,-,0,-,0,-,0,-
Total,3551,39.29%,5476,60.60%,4390,50.90%,4228,49.02%,5716,58.84%,3989,41.06%,6376,49.17%,6573,50.69%,7385,98.84%,10101,98.66%,4742,42.82%,6328,57.14%,5214,46.17%,6075,53.79%
Municipality,,,,,,,,,,,,,,,,,,,,,,,,,,,,
Bonner Springs,0,-,0,-,0,-,0,-,0,-,0,-,0,-,0,-,0,-,0,-,0,-,0,-,0,-,0,-
De Soto,0,-,0,-,0,-,0,-,0,-,0,-,0,-,0,-,0,-,0,-,0,-,0,-,0,-,0,-
Edgerton,0,-,0,-,0,-,0,-,0,-,0,-,0,-,0,-,0,-,0,-,0,-,0,-,0,-,0,-
Fairway,0,-,0,-,0,-,0,-,0,-,0,-,990,40.39%,1459,59.53%,0,-,0,-,0,-,0,-,0,-,0,-
Gardner,0,-,0,-,0,-,0,-,0,-,0,-,0,-,0,-,0,-,0,-,0,-,0,-,0,-,0,-
Lake Quivira,0,-,0,-,0,-,0,-,0,-,0,-,0,-,0,-,0,-,0,-,0,-,0,-,0,-,0,-
Leawood,0,-,0,-,0,-,0,-,0,-,0,-,0,-,0,-,0,-,400,99.01%,2640,42.88%,3513,57.07%,0,-,0,-
Lenexa,0,-,0,-,2504,51.00%,2402,48.92%,0,-,0,-,0,-,0,-,0,-,0,-,0,-,0,-,0,-,0,-
Merriam,0,-,0,-,0,-,0,-,2874,57.96%,2079,41.92%,0,-,0,-,0,-,0,-,0,-,0,-,0,-,0,-
Mission,0,-,0,-,0,-,0,-,701,64.02%,391,35.71%,1894,56.74%,1440,43.14%,0,-,0,-,0,-,0,-,0,-,0,-
Mission Hills,0,-,0,-,0,-,0,-,0,-,0,-,364,22.50%,1254,77.50%,0,-,0,-,0,-,0,-,0,-,0,-
Mission Woods,0,-,0,-,0,-,0,-,0,-,0,-,44,40.74%,64,59.26%,0,-,0,-,0,-,0,-,0,-,0,-
Olathe,0,-,0,-,0,-,0,-,0,-,0,-,0,-,0,-,5333,98.83%,0,-,0,-,0,-,0,-,0,-
Overland Park,3551,39.29%,5476,60.60%,729,47.37%,809,52.57%,2141,58.48%,1519,41.49%,0,-,0,-,0,-,6707,98.62%,2100,42.82%,2803,57.16%,5214,46.17%,6075,53.79%
Prairie Village,0,-,0,-,0,-,0,-,0,-,0,-,370,42.82%,493,57.06%,0,-,0,-,0,-,0,-,0,-,0,-
Roeland Park,0,-,0,-,0,-,0,-,0,-,0,-,2083,60.32%,1362,39.44%,0,-,0,-,0,-,0,-,0,-,0,-
Shawnee,0,-,0,-,1157,53.17%,1017,46.74%,0,-,0,-,0,-,0,-,0,-,0,-,0,-,0,-,0,-,0,-
Spring Hill,0,-,0,-,0,-,0,-,0,-,0,-,0,-,0,-,1085,98.64%,0,-,0,-,0,-,0,-,0,-
Westwood,0,-,0,-,0,-,0,-,0,-,0,-,508,56.95%,383,42.94%,0,-,0,-,0,-,0,-,0,-,0,-
Westwood Hills,0,-,0,-,0,-,0,-,0,-,0,-,123,50.83%,118,48.76%,0,-,0,-,0,-,0,-,0,-,0,-
No Matching District,0,-,0,-,0,-,0,-,0,-,0,-,0,-,0,-,967,99.08%,2994,98.71%,2,14.29%,12,85.71%,0,-,0,-
Total,3551,39.29%,5476,60.60%,4390,50.90%,4228,49.02%,5716,58.84%,3989,41.06%,6376,49.17%,6573,50.69%,7385,98.84%,10101,98.66%,4742,42.82%,6328,57.14%,5214,46.17%,6075,53.79%