,STATE SEN 6,,,,STATE SEN 7,,,,STATE SEN 8,,,,STATE SEN 9,,,,STATE SEN 10,,,,STATE SEN 11,,,,STATE SEN 21,,,,STATE SEN 23,,,,STATE SEN 37,
,PAT PETTEY (D),,CHRIS STEINEGER,,KYLE RUSSELL (D),,KAY WOLF (R),,JIM DENNING (R),,LISA JOHNSTON (D),,JULIA LYNN (R),,MERLIN D RING (D),,MARK J GREENE (D),,MARY,,MICHAEL F DELANEY,,JEFF MELCHER (R),,JUANITA ROY (D),,GREG A SMITH (R) ,,ROB OLSON (R) ,,STEVE WRIGHT (D) ,,PAT APPLE (R),
,,,(R),,,,,,,,,,,,,,,,PILCHER-COOK (R),,(D),,,,,,,,,,,,,
,,,,,,,,,,,,,,,,,,,,,,,,,,,,,,,,,,
Jurisdiction Wide,,,,,,,,,,,,,,,,,,,,,,,,,,,,,,,,,,
Aubry Twp 0-01,-,-,-,-,-,-,-,-,-,-,-,-,-,-,-,-,-,-,-,-,-,-,-,-,-,-,-,-,-,-,-,-,98,96.08%
Aubry Twp 0-02,-,-,-,-,-,-,-,-,-,-,-,-,-,-,-,-,-,-,-,-,-,-,-,-,-,-,-,-,-,-,-,-,652,98.94%
Aubry Twp 0-03,-,-,-,-,-,-,-,-,-,-,-,-,-,-,-,-,-,-,-,-,-,-,-,-,-,-,-,-,-,-,-,-,358,100.00%
Aubry Twp 0-04,-,-,-,-,-,-,-,-,-,-,-,-,-,-,-,-,-,-,-,-,-,-,-,-,-,-,-,-,-,-,-,-,839,99.53%
Aubry Twp 0-05,-,-,-,-,-,-,-,-,-,-,-,-,-,-,-,-,-,-,-,-,-,-,-,-,-,-,-,-,-,-,-,-,13,100.00%
Aubry Twp 0-06,-,-,-,-,-,-,-,-,-,-,-,-,-,-,-,-,-,-,-,-,-,-,-,-,-,-,-,-,-,-,-,-,91,100.00%
Bonner Springs 4-01,-,-,-,-,-,-,-,-,-,-,-,-,-,-,-,-,0,-,0,-,-,-,-,-,-,-,-,-,-,-,-,-,-,-
De Soto 0-01,-,-,-,-,-,-,-,-,-,-,-,-,603,67.60%,289,32.40%,-,-,-,-,-,-,-,-,-,-,-,-,-,-,-,-,-,-
De Soto 0-02,-,-,-,-,-,-,-,-,-,-,-,-,322,64.02%,181,35.98%,-,-,-,-,-,-,-,-,-,-,-,-,-,-,-,-,-,-
De Soto 0-03,-,-,-,-,-,-,-,-,-,-,-,-,562,71.05%,229,28.95%,-,-,-,-,-,-,-,-,-,-,-,-,-,-,-,-,-,-
De Soto 0-04,-,-,-,-,-,-,-,-,-,-,-,-,0,-,0,-,-,-,-,-,-,-,-,-,-,-,-,-,-,-,-,-,-,-
De Soto 0-05,-,-,-,-,-,-,-,-,-,-,-,-,0,-,0,-,-,-,-,-,-,-,-,-,-,-,-,-,-,-,-,-,-,-
De Soto 0-06,-,-,-,-,-,-,-,-,-,-,-,-,41,56.94%,31,43.06%,-,-,-,-,-,-,-,-,-,-,-,-,-,-,-,-,-,-
De Soto 0-07,-,-,-,-,-,-,-,-,-,-,-,-,2,100.00%,0,0.00%,-,-,-,-,-,-,-,-,-,-,-,-,-,-,-,-,-,-
De Soto 0-08,-,-,-,-,-,-,-,-,-,-,-,-,0,-,0,-,-,-,-,-,-,-,-,-,-,-,-,-,-,-,-,-,-,-
Edgerton 0-01,-,-,-,-,-,-,-,-,-,-,-,-,-,-,-,-,-,-,-,-,-,-,-,-,-,-,-,-,-,-,-,-,547,99.27%
Edgerton 0-02,-,-,-,-,-,-,-,-,-,-,-,-,-,-,-,-,-,-,-,-,-,-,-,-,-,-,-,-,-,-,-,-,0,-
Edgerton 0-03,-,-,-,-,-,-,-,-,-,-,-,-,-,-,-,-,-,-,-,-,-,-,-,-,-,-,-,-,-,-,-,-,0,-
Edgerton 0-04,-,-,-,-,-,-,-,-,-,-,-,-,-,-,-,-,-,-,-,-,-,-,-,-,-,-,-,-,-,-,-,-,0,-
Edgerton 0-05,-,-,-,-,-,-,-,-,-,-,-,-,-,-,-,-,-,-,-,-,-,-,-,-,-,-,-,-,-,-,-,-,0,-
Edgerton 0-06,-,-,-,-,-,-,-,-,-,-,-,-,-,-,-,-,-,-,-,-,-,-,-,-,-,-,-,-,-,-,-,-,0,-
Edgerton 0-07,-,-,-,-,-,-,-,-,-,-,-,-,-,-,-,-,-,-,-,-,-,-,-,-,-,-,-,-,-,-,-,-,0,-
Edgerton 0-08,-,-,-,-,-,-,-,-,-,-,-,-,-,-,-,-,-,-,-,-,-,-,-,-,-,-,-,-,-,-,-,-,0,-
Fairway 1-00,-,-,-,-,271,44.21%,342,55.79%,-,-,-,-,-,-,-,-,-,-,-,-,-,-,-,-,-,-,-,-,-,-,-,-,-,-
Fairway 2-00,-,-,-,-,244,46.04%,285,53.77%,-,-,-,-,-,-,-,-,-,-,-,-,-,-,-,-,-,-,-,-,-,-,-,-,-,-
Fairway 3-00,-,-,-,-,292,41.54%,409,58.18%,-,-,-,-,-,-,-,-,-,-,-,-,-,-,-,-,-,-,-,-,-,-,-,-,-,-
Fairway 4-00,-,-,-,-,320,54.33%,268,45.50%,-,-,-,-,-,-,-,-,-,-,-,-,-,-,-,-,-,-,-,-,-,-,-,-,-,-
Gardner 0-01,-,-,-,-,-,-,-,-,-,-,-,-,814,69.28%,361,30.72%,-,-,-,-,-,-,-,-,-,-,-,-,-,-,-,-,-,-
Gardner 0-02,-,-,-,-,-,-,-,-,-,-,-,-,-,-,-,-,-,-,-,-,-,-,-,-,-,-,-,-,-,-,-,-,151,98.69%
Gardner 0-03,-,-,-,-,-,-,-,-,-,-,-,-,-,-,-,-,-,-,-,-,-,-,-,-,-,-,-,-,-,-,-,-,717,98.90%
Gardner 0-04,-,-,-,-,-,-,-,-,-,-,-,-,-,-,-,-,-,-,-,-,-,-,-,-,-,-,-,-,-,-,-,-,525,98.13%
Gardner 0-05,-,-,-,-,-,-,-,-,-,-,-,-,-,-,-,-,-,-,-,-,-,-,-,-,-,-,-,-,-,-,-,-,0,-
Gardner 0-06,-,-,-,-,-,-,-,-,-,-,-,-,628,69.32%,277,30.57%,-,-,-,-,-,-,-,-,-,-,-,-,-,-,-,-,-,-
Gardner 0-07,-,-,-,-,-,-,-,-,-,-,-,-,15,57.69%,11,42.31%,-,-,-,-,-,-,-,-,-,-,-,-,-,-,-,-,-,-
Gardner 0-08,-,-,-,-,-,-,-,-,-,-,-,-,52,80.00%,13,20.00%,-,-,-,-,-,-,-,-,-,-,-,-,-,-,-,-,-,-
Gardner 0-09,-,-,-,-,-,-,-,-,-,-,-,-,-,-,-,-,-,-,-,-,-,-,-,-,-,-,-,-,-,-,-,-,855,99.65%
Gardner 0-10,-,-,-,-,-,-,-,-,-,-,-,-,-,-,-,-,-,-,-,-,-,-,-,-,-,-,-,-,-,-,-,-,562,98.77%
Gardner 0-11,-,-,-,-,-,-,-,-,-,-,-,-,-,-,-,-,-,-,-,-,-,-,-,-,-,-,-,-,-,-,-,-,0,-
Gardner 0-12,-,-,-,-,-,-,-,-,-,-,-,-,8,42.11%,11,57.89%,-,-,-,-,-,-,-,-,-,-,-,-,-,-,-,-,-,-
Gardner 0-13,-,-,-,-,-,-,-,-,-,-,-,-,-,-,-,-,-,-,-,-,-,-,-,-,-,-,-,-,-,-,-,-,656,98.35%
Gardner 0-14,-,-,-,-,-,-,-,-,-,-,-,-,386,62.66%,230,37.34%,-,-,-,-,-,-,-,-,-,-,-,-,-,-,-,-,-,-
Gardner 0-15,-,-,-,-,-,-,-,-,-,-,-,-,0,-,0,-,-,-,-,-,-,-,-,-,-,-,-,-,-,-,-,-,-,-
Gardner Twp 0-01,-,-,-,-,-,-,-,-,-,-,-,-,259,70.00%,111,30.00%,-,-,-,-,-,-,-,-,-,-,-,-,-,-,-,-,-,-
Gardner Twp 0-02,-,-,-,-,-,-,-,-,-,-,-,-,-,-,-,-,-,-,-,-,-,-,-,-,-,-,-,-,-,-,-,-,395,99.75%
Gardner Twp 0-03,-,-,-,-,-,-,-,-,-,-,-,-,-,-,-,-,-,-,-,-,-,-,-,-,-,-,-,-,-,-,-,-,0,-
Gardner Twp 0-04,-,-,-,-,-,-,-,-,-,-,-,-,1,100.00%,0,0.00%,-,-,-,-,-,-,-,-,-,-,-,-,-,-,-,-,-,-
Gardner Twp 0-05,-,-,-,-,-,-,-,-,-,-,-,-,5,62.50%,3,37.50%,-,-,-,-,-,-,-,-,-,-,-,-,-,-,-,-,-,-
Gardner Twp 0-06,-,-,-,-,-,-,-,-,-,-,-,-,-,-,-,-,-,-,-,-,-,-,-,-,-,-,-,-,-,-,-,-,0,-
Gardner Twp 0-07,-,-,-,-,-,-,-,-,-,-,-,-,2,50.00%,2,50.00%,-,-,-,-,-,-,-,-,-,-,-,-,-,-,-,-,-,-
Gardner Twp 0-08,-,-,-,-,-,-,-,-,-,-,-,-,1,16.67%,5,83.33%,-,-,-,-,-,-,-,-,-,-,-,-,-,-,-,-,-,-
Gardner Twp 0-09,-,-,-,-,-,-,-,-,-,-,-,-,-,-,-,-,-,-,-,-,-,-,-,-,-,-,-,-,-,-,-,-,2,100.00%
Gardner Twp 0-10,-,-,-,-,-,-,-,-,-,-,-,-,-,-,-,-,-,-,-,-,-,-,-,-,-,-,-,-,-,-,-,-,0,-
Gardner Twp 0-11,-,-,-,-,-,-,-,-,-,-,-,-,65,59.63%,42,38.53%,-,-,-,-,-,-,-,-,-,-,-,-,-,-,-,-,-,-
Gardner Twp 0-12,-,-,-,-,-,-,-,-,-,-,-,-,-,-,-,-,-,-,-,-,-,-,-,-,-,-,-,-,-,-,-,-,0,-
Lake Quivira 0-01,-,-,-,-,-,-,-,-,-,-,-,-,-,-,-,-,257,39.97%,386,60.03%,-,-,-,-,-,-,-,-,-,-,-,-,-,-
Leawood 1-01,-,-,-,-,290,48.41%,308,51.42%,-,-,-,-,-,-,-,-,-,-,-,-,-,-,-,-,-,-,-,-,-,-,-,-,-,-
Leawood 1-02,-,-,-,-,319,34.12%,616,65.88%,-,-,-,-,-,-,-,-,-,-,-,-,-,-,-,-,-,-,-,-,-,-,-,-,-,-
Leawood 1-03,-,-,-,-,287,34.96%,531,64.68%,-,-,-,-,-,-,-,-,-,-,-,-,-,-,-,-,-,-,-,-,-,-,-,-,-,-
Leawood 1-04,-,-,-,-,258,39.39%,397,60.61%,-,-,-,-,-,-,-,-,-,-,-,-,-,-,-,-,-,-,-,-,-,-,-,-,-,-
Leawood 1-05,-,-,-,-,-,-,-,-,-,-,-,-,-,-,-,-,-,-,-,-,232,37.79%,380,61.89%,-,-,-,-,-,-,-,-,-,-
Leawood 1-06,-,-,-,-,80,49.38%,82,50.62%,-,-,-,-,-,-,-,-,-,-,-,-,-,-,-,-,-,-,-,-,-,-,-,-,-,-
Leawood 2-01,-,-,-,-,-,-,-,-,-,-,-,-,-,-,-,-,-,-,-,-,318,41.84%,442,58.16%,-,-,-,-,-,-,-,-,-,-
Leawood 2-02,-,-,-,-,-,-,-,-,-,-,-,-,-,-,-,-,-,-,-,-,375,39.94%,564,60.06%,-,-,-,-,-,-,-,-,-,-
Leawood 2-03,-,-,-,-,-,-,-,-,-,-,-,-,-,-,-,-,-,-,-,-,330,36.91%,564,63.09%,-,-,-,-,-,-,-,-,-,-
Leawood 2-04,-,-,-,-,-,-,-,-,-,-,-,-,-,-,-,-,-,-,-,-,256,26.72%,700,73.07%,-,-,-,-,-,-,-,-,-,-
Leawood 2-05,-,-,-,-,-,-,-,-,-,-,-,-,-,-,-,-,-,-,-,-,203,36.38%,355,63.62%,-,-,-,-,-,-,-,-,-,-
Leawood 2-06,-,-,-,-,-,-,-,-,-,-,-,-,-,-,-,-,-,-,-,-,129,33.25%,259,66.75%,-,-,-,-,-,-,-,-,-,-
Leawood 3-01,-,-,-,-,-,-,-,-,-,-,-,-,-,-,-,-,-,-,-,-,217,41.81%,301,58.00%,-,-,-,-,-,-,-,-,-,-
Leawood 3-02,-,-,-,-,-,-,-,-,-,-,-,-,-,-,-,-,-,-,-,-,342,38.21%,551,61.56%,-,-,-,-,-,-,-,-,-,-
Leawood 3-03,-,-,-,-,-,-,-,-,-,-,-,-,-,-,-,-,-,-,-,-,193,34.22%,371,65.78%,-,-,-,-,-,-,-,-,-,-
Leawood 3-04,-,-,-,-,-,-,-,-,-,-,-,-,-,-,-,-,-,-,-,-,96,34.91%,179,65.09%,-,-,-,-,-,-,-,-,-,-
Leawood 3-05,-,-,-,-,-,-,-,-,-,-,-,-,-,-,-,-,-,-,-,-,374,33.48%,743,66.52%,-,-,-,-,-,-,-,-,-,-
Leawood 3-06,-,-,-,-,-,-,-,-,-,-,-,-,-,-,-,-,-,-,-,-,305,28.77%,755,71.23%,-,-,-,-,-,-,-,-,-,-
Leawood 3-07,-,-,-,-,-,-,-,-,-,-,-,-,-,-,-,-,-,-,-,-,287,34.45%,545,65.43%,-,-,-,-,-,-,-,-,-,-
Leawood 4-01,-,-,-,-,-,-,-,-,-,-,-,-,-,-,-,-,-,-,-,-,75,28.74%,186,71.26%,-,-,-,-,-,-,-,-,-,-
Leawood 4-02,-,-,-,-,-,-,-,-,-,-,-,-,-,-,-,-,-,-,-,-,272,37.31%,457,62.69%,-,-,-,-,-,-,-,-,-,-
Leawood 4-03,-,-,-,-,-,-,-,-,-,-,-,-,-,-,-,-,-,-,-,-,264,36.82%,453,63.18%,-,-,-,-,-,-,-,-,-,-
Leawood 4-04,-,-,-,-,-,-,-,-,-,-,-,-,-,-,-,-,-,-,-,-,326,35.02%,603,64.77%,-,-,-,-,-,-,-,-,-,-
Leawood 4-05,-,-,-,-,-,-,-,-,-,-,-,-,-,-,-,-,-,-,-,-,324,36.69%,557,63.08%,-,-,-,-,-,-,-,-,-,-
Leawood 4-06,-,-,-,-,-,-,-,-,-,-,-,-,-,-,-,-,-,-,-,-,148,21.83%,530,78.17%,-,-,-,-,-,-,-,-,-,-
Leawood 4-07,-,-,-,-,-,-,-,-,-,-,-,-,-,-,-,-,-,-,-,-,315,26.29%,883,73.71%,-,-,-,-,-,-,-,-,-,-
Leawood 4-08,-,-,-,-,-,-,-,-,-,-,-,-,-,-,-,-,-,-,-,-,112,23.78%,358,76.01%,-,-,-,-,-,-,-,-,-,-
Lenexa 1-01,-,-,-,-,-,-,-,-,-,-,-,-,-,-,-,-,-,-,-,-,-,-,-,-,230,46.56%,263,53.24%,-,-,-,-,-,-
Lenexa 1-02,-,-,-,-,-,-,-,-,-,-,-,-,-,-,-,-,-,-,-,-,-,-,-,-,455,45.00%,556,55.00%,-,-,-,-,-,-
Lenexa 1-03,-,-,-,-,-,-,-,-,-,-,-,-,-,-,-,-,-,-,-,-,-,-,-,-,532,46.02%,623,53.89%,-,-,-,-,-,-
Lenexa 1-04,-,-,-,-,-,-,-,-,-,-,-,-,-,-,-,-,-,-,-,-,-,-,-,-,387,47.90%,421,52.10%,-,-,-,-,-,-
Lenexa 1-05,-,-,-,-,-,-,-,-,-,-,-,-,-,-,-,-,-,-,-,-,-,-,-,-,379,46.62%,434,53.38%,-,-,-,-,-,-
Lenexa 1-06,-,-,-,-,-,-,-,-,-,-,-,-,-,-,-,-,-,-,-,-,-,-,-,-,370,38.34%,594,61.55%,-,-,-,-,-,-
Lenexa 1-07,-,-,-,-,-,-,-,-,-,-,-,-,-,-,-,-,-,-,-,-,-,-,-,-,273,50.74%,264,49.07%,-,-,-,-,-,-
Lenexa 1-08,-,-,-,-,-,-,-,-,-,-,-,-,-,-,-,-,-,-,-,-,-,-,-,-,132,52.38%,120,47.62%,-,-,-,-,-,-
Lenexa 1-09,-,-,-,-,-,-,-,-,-,-,-,-,-,-,-,-,-,-,-,-,-,-,-,-,9,50.00%,8,44.44%,-,-,-,-,-,-
Lenexa 2-01,-,-,-,-,-,-,-,-,-,-,-,-,-,-,-,-,-,-,-,-,-,-,-,-,346,34.19%,666,65.81%,-,-,-,-,-,-
Lenexa 2-02,-,-,-,-,-,-,-,-,-,-,-,-,-,-,-,-,-,-,-,-,-,-,-,-,71,24.48%,219,75.52%,-,-,-,-,-,-
Lenexa 2-03,-,-,-,-,-,-,-,-,-,-,-,-,-,-,-,-,-,-,-,-,-,-,-,-,343,32.39%,715,67.52%,-,-,-,-,-,-
Lenexa 2-04,-,-,-,-,-,-,-,-,-,-,-,-,-,-,-,-,-,-,-,-,-,-,-,-,275,25.53%,800,74.28%,-,-,-,-,-,-
Lenexa 2-05,-,-,-,-,-,-,-,-,-,-,-,-,-,-,-,-,-,-,-,-,-,-,-,-,482,54.04%,410,45.96%,-,-,-,-,-,-
Lenexa 2-06,-,-,-,-,-,-,-,-,-,-,-,-,-,-,-,-,-,-,-,-,-,-,-,-,220,32.45%,457,67.40%,-,-,-,-,-,-
Lenexa 2-07,-,-,-,-,-,-,-,-,-,-,-,-,-,-,-,-,-,-,-,-,-,-,-,-,406,37.11%,687,62.80%,-,-,-,-,-,-
Lenexa 2-08,-,-,-,-,-,-,-,-,-,-,-,-,0,-,0,-,-,-,-,-,-,-,-,-,-,-,-,-,-,-,-,-,-,-
Lenexa 3-01,-,-,-,-,-,-,-,-,-,-,-,-,-,-,-,-,-,-,-,-,-,-,-,-,418,58.46%,297,41.54%,-,-,-,-,-,-
Lenexa 3-02,-,-,-,-,-,-,-,-,-,-,-,-,-,-,-,-,-,-,-,-,-,-,-,-,541,56.53%,416,43.47%,-,-,-,-,-,-
Lenexa 3-03,-,-,-,-,-,-,-,-,-,-,-,-,-,-,-,-,-,-,-,-,-,-,-,-,497,47.61%,547,52.39%,-,-,-,-,-,-
Lenexa 3-04,-,-,-,-,-,-,-,-,-,-,-,-,-,-,-,-,-,-,-,-,-,-,-,-,285,40.43%,420,59.57%,-,-,-,-,-,-
Lenexa 3-05,-,-,-,-,-,-,-,-,-,-,-,-,-,-,-,-,-,-,-,-,-,-,-,-,338,58.18%,242,41.65%,-,-,-,-,-,-
Lenexa 3-06,-,-,-,-,-,-,-,-,-,-,-,-,-,-,-,-,-,-,-,-,-,-,-,-,354,53.47%,308,46.53%,-,-,-,-,-,-
Lenexa 3-07,-,-,-,-,-,-,-,-,-,-,-,-,-,-,-,-,-,-,-,-,-,-,-,-,378,45.99%,444,54.01%,-,-,-,-,-,-
Lenexa 3-08,-,-,-,-,-,-,-,-,-,-,-,-,-,-,-,-,-,-,-,-,-,-,-,-,407,46.46%,469,53.54%,-,-,-,-,-,-
Lenexa 4-01,-,-,-,-,-,-,-,-,-,-,-,-,-,-,-,-,-,-,-,-,-,-,-,-,210,50.12%,209,49.88%,-,-,-,-,-,-
Lenexa 4-02,-,-,-,-,-,-,-,-,-,-,-,-,-,-,-,-,-,-,-,-,-,-,-,-,362,45.31%,436,54.57%,-,-,-,-,-,-
Lenexa 4-03,-,-,-,-,-,-,-,-,-,-,-,-,-,-,-,-,-,-,-,-,-,-,-,-,272,58.75%,189,40.82%,-,-,-,-,-,-
Lenexa 4-04,-,-,-,-,-,-,-,-,-,-,-,-,-,-,-,-,-,-,-,-,-,-,-,-,229,51.81%,212,47.96%,-,-,-,-,-,-
Lenexa 4-05,-,-,-,-,-,-,-,-,-,-,-,-,-,-,-,-,-,-,-,-,-,-,-,-,182,50.84%,175,48.88%,-,-,-,-,-,-
Lenexa 4-06,-,-,-,-,-,-,-,-,-,-,-,-,-,-,-,-,-,-,-,-,-,-,-,-,301,45.20%,365,54.80%,-,-,-,-,-,-
Lenexa 4-07,-,-,-,-,-,-,-,-,-,-,-,-,-,-,-,-,-,-,-,-,-,-,-,-,297,44.33%,373,55.67%,-,-,-,-,-,-
Lenexa 4-08,-,-,-,-,-,-,-,-,-,-,-,-,-,-,-,-,-,-,-,-,-,-,-,-,333,54.32%,280,45.68%,-,-,-,-,-,-
Lenexa 4-09,-,-,-,-,-,-,-,-,-,-,-,-,-,-,-,-,-,-,-,-,-,-,-,-,289,43.46%,373,56.09%,-,-,-,-,-,-
Lenexa 4-10,-,-,-,-,-,-,-,-,-,-,-,-,-,-,-,-,-,-,-,-,-,-,-,-,225,56.96%,170,43.04%,-,-,-,-,-,-
Lenexa 4-11,-,-,-,-,-,-,-,-,-,-,-,-,-,-,-,-,-,-,-,-,-,-,-,-,56,46.67%,64,53.33%,-,-,-,-,-,-
Lexington Twp 0-01,-,-,-,-,-,-,-,-,-,-,-,-,567,74.31%,196,25.69%,-,-,-,-,-,-,-,-,-,-,-,-,-,-,-,-,-,-
Lexington Twp 0-02,-,-,-,-,-,-,-,-,-,-,-,-,2,66.67%,1,33.33%,-,-,-,-,-,-,-,-,-,-,-,-,-,-,-,-,-,-
Lexington Twp 0-03,-,-,-,-,-,-,-,-,-,-,-,-,2,66.67%,1,33.33%,-,-,-,-,-,-,-,-,-,-,-,-,-,-,-,-,-,-
Lexington Twp 0-04,-,-,-,-,-,-,-,-,-,-,-,-,1,100.00%,0,0.00%,-,-,-,-,-,-,-,-,-,-,-,-,-,-,-,-,-,-
Lexington Twp 0-05,-,-,-,-,-,-,-,-,-,-,-,-,0,-,0,-,-,-,-,-,-,-,-,-,-,-,-,-,-,-,-,-,-,-
McCamish Twp 0-01,-,-,-,-,-,-,-,-,-,-,-,-,-,-,-,-,-,-,-,-,-,-,-,-,-,-,-,-,-,-,-,-,140,100.00%
McCamish Twp 0-02,-,-,-,-,-,-,-,-,-,-,-,-,268,75.07%,89,24.93%,-,-,-,-,-,-,-,-,-,-,-,-,-,-,-,-,-,-
McCamish Twp 0-03,-,-,-,-,-,-,-,-,-,-,-,-,-,-,-,-,-,-,-,-,-,-,-,-,-,-,-,-,-,-,-,-,0,-
Merriam 1-01,246,52.56%,218,46.58%,-,-,-,-,-,-,-,-,-,-,-,-,-,-,-,-,-,-,-,-,-,-,-,-,-,-,-,-,-,-
Merriam 1-02,379,59.50%,257,40.35%,-,-,-,-,-,-,-,-,-,-,-,-,-,-,-,-,-,-,-,-,-,-,-,-,-,-,-,-,-,-
Merriam 2-01,383,53.05%,339,46.95%,-,-,-,-,-,-,-,-,-,-,-,-,-,-,-,-,-,-,-,-,-,-,-,-,-,-,-,-,-,-
Merriam 2-02,2,66.67%,1,33.33%,-,-,-,-,-,-,-,-,-,-,-,-,-,-,-,-,-,-,-,-,-,-,-,-,-,-,-,-,-,-
Merriam 2-03,-,-,-,-,-,-,-,-,-,-,-,-,-,-,-,-,217,54.94%,178,45.06%,-,-,-,-,-,-,-,-,-,-,-,-,-,-
Merriam 3-01,-,-,-,-,-,-,-,-,-,-,-,-,-,-,-,-,376,55.79%,298,44.21%,-,-,-,-,-,-,-,-,-,-,-,-,-,-
Merriam 3-02,-,-,-,-,-,-,-,-,-,-,-,-,-,-,-,-,276,51.40%,261,48.60%,-,-,-,-,-,-,-,-,-,-,-,-,-,-
Merriam 4-01,-,-,-,-,-,-,-,-,-,-,-,-,-,-,-,-,357,48.57%,378,51.43%,-,-,-,-,-,-,-,-,-,-,-,-,-,-
Merriam 4-02,-,-,-,-,-,-,-,-,-,-,-,-,-,-,-,-,168,49.56%,170,50.15%,-,-,-,-,-,-,-,-,-,-,-,-,-,-
Merriam 4-03,227,54.83%,187,45.17%,-,-,-,-,-,-,-,-,-,-,-,-,-,-,-,-,-,-,-,-,-,-,-,-,-,-,-,-,-,-
Mission 1-01,-,-,-,-,367,55.02%,299,44.83%,-,-,-,-,-,-,-,-,-,-,-,-,-,-,-,-,-,-,-,-,-,-,-,-,-,-
Mission 1-02,-,-,-,-,238,61.98%,145,37.76%,-,-,-,-,-,-,-,-,-,-,-,-,-,-,-,-,-,-,-,-,-,-,-,-,-,-
Mission 2-01,-,-,-,-,260,62.95%,149,36.08%,-,-,-,-,-,-,-,-,-,-,-,-,-,-,-,-,-,-,-,-,-,-,-,-,-,-
Mission 2-02,-,-,-,-,306,56.04%,239,43.77%,-,-,-,-,-,-,-,-,-,-,-,-,-,-,-,-,-,-,-,-,-,-,-,-,-,-
Mission 3-01,-,-,-,-,404,57.06%,302,42.66%,-,-,-,-,-,-,-,-,-,-,-,-,-,-,-,-,-,-,-,-,-,-,-,-,-,-
Mission 3-02,-,-,-,-,193,54.83%,159,45.17%,-,-,-,-,-,-,-,-,-,-,-,-,-,-,-,-,-,-,-,-,-,-,-,-,-,-
Mission 4-01,-,-,-,-,247,58.95%,170,40.57%,-,-,-,-,-,-,-,-,-,-,-,-,-,-,-,-,-,-,-,-,-,-,-,-,-,-
Mission 4-02,-,-,-,-,241,41.48%,338,58.18%,-,-,-,-,-,-,-,-,-,-,-,-,-,-,-,-,-,-,-,-,-,-,-,-,-,-
Mission 4-03,-,-,-,-,192,53.93%,163,45.79%,-,-,-,-,-,-,-,-,-,-,-,-,-,-,-,-,-,-,-,-,-,-,-,-,-,-
Mission Hills 0-01,-,-,-,-,125,23.67%,403,76.33%,-,-,-,-,-,-,-,-,-,-,-,-,-,-,-,-,-,-,-,-,-,-,-,-,-,-
Mission Hills 0-02,-,-,-,-,192,28.79%,475,71.21%,-,-,-,-,-,-,-,-,-,-,-,-,-,-,-,-,-,-,-,-,-,-,-,-,-,-
Mission Hills 0-03,-,-,-,-,93,21.63%,337,78.37%,-,-,-,-,-,-,-,-,-,-,-,-,-,-,-,-,-,-,-,-,-,-,-,-,-,-
Mission Hills 0-04,-,-,-,-,187,27.91%,480,71.64%,-,-,-,-,-,-,-,-,-,-,-,-,-,-,-,-,-,-,-,-,-,-,-,-,-,-
Mission Woods 0-01,-,-,-,-,55,50.93%,53,49.07%,-,-,-,-,-,-,-,-,-,-,-,-,-,-,-,-,-,-,-,-,-,-,-,-,-,-
Olathe 1-01,-,-,-,-,-,-,-,-,-,-,-,-,452,57.51%,333,42.37%,-,-,-,-,-,-,-,-,-,-,-,-,-,-,-,-,-,-
Olathe 1-02,-,-,-,-,-,-,-,-,-,-,-,-,-,-,-,-,-,-,-,-,-,-,-,-,-,-,-,-,291,56.40%,225,43.60%,-,-
Olathe 1-03,-,-,-,-,-,-,-,-,-,-,-,-,-,-,-,-,-,-,-,-,-,-,-,-,-,-,-,-,262,58.74%,184,41.26%,-,-
Olathe 1-04,-,-,-,-,-,-,-,-,-,-,-,-,-,-,-,-,-,-,-,-,-,-,-,-,-,-,-,-,473,59.72%,319,40.28%,-,-
Olathe 1-05,-,-,-,-,-,-,-,-,-,-,-,-,-,-,-,-,-,-,-,-,-,-,-,-,-,-,-,-,502,62.21%,305,37.79%,-,-
Olathe 1-06,-,-,-,-,-,-,-,-,-,-,-,-,-,-,-,-,-,-,-,-,-,-,-,-,-,-,-,-,350,66.16%,179,33.84%,-,-
Olathe 1-07,-,-,-,-,-,-,-,-,-,-,-,-,0,-,0,-,-,-,-,-,-,-,-,-,-,-,-,-,-,-,-,-,-,-
Olathe 1-08,-,-,-,-,-,-,-,-,-,-,-,-,-,-,-,-,-,-,-,-,-,-,-,-,-,-,-,-,626,60.13%,415,39.87%,-,-
Olathe 1-09,-,-,-,-,-,-,-,-,-,-,-,-,-,-,-,-,-,-,-,-,-,-,-,-,-,-,-,-,596,66.82%,296,33.18%,-,-
Olathe 1-10,-,-,-,-,-,-,-,-,-,-,-,-,-,-,-,-,-,-,-,-,-,-,-,-,-,-,-,-,4,66.67%,2,33.33%,-,-
Olathe 1-11,-,-,-,-,-,-,-,-,-,-,-,-,71,52.21%,65,47.79%,-,-,-,-,-,-,-,-,-,-,-,-,-,-,-,-,-,-
Olathe 1-12,-,-,-,-,-,-,-,-,-,-,-,-,21,61.76%,13,38.24%,-,-,-,-,-,-,-,-,-,-,-,-,-,-,-,-,-,-
Olathe 1-13,-,-,-,-,-,-,-,-,-,-,-,-,0,-,0,-,-,-,-,-,-,-,-,-,-,-,-,-,-,-,-,-,-,-
Olathe 1-14,-,-,-,-,-,-,-,-,-,-,-,-,-,-,-,-,-,-,-,-,-,-,-,-,-,-,-,-,445,63.66%,254,36.34%,-,-
Olathe 1-15,-,-,-,-,-,-,-,-,-,-,-,-,-,-,-,-,-,-,-,-,-,-,-,-,-,-,-,-,487,66.53%,244,33.33%,-,-
Olathe 1-16,-,-,-,-,-,-,-,-,-,-,-,-,-,-,-,-,-,-,-,-,-,-,-,-,-,-,-,-,688,69.78%,296,30.02%,-,-
Olathe 1-17,-,-,-,-,-,-,-,-,-,-,-,-,-,-,-,-,-,-,-,-,-,-,-,-,-,-,-,-,-,-,-,-,171,98.28%
Olathe 1-18,-,-,-,-,-,-,-,-,-,-,-,-,-,-,-,-,-,-,-,-,-,-,-,-,-,-,-,-,131,62.68%,78,37.32%,-,-
Olathe 1-19,-,-,-,-,-,-,-,-,-,-,-,-,217,59.94%,145,40.06%,-,-,-,-,-,-,-,-,-,-,-,-,-,-,-,-,-,-
Olathe 1-20,-,-,-,-,-,-,-,-,-,-,-,-,333,56.44%,255,43.22%,-,-,-,-,-,-,-,-,-,-,-,-,-,-,-,-,-,-
Olathe 1-21,-,-,-,-,-,-,-,-,-,-,-,-,590,59.96%,394,40.04%,-,-,-,-,-,-,-,-,-,-,-,-,-,-,-,-,-,-
Olathe 1-22,-,-,-,-,-,-,-,-,-,-,-,-,789,71.40%,316,28.60%,-,-,-,-,-,-,-,-,-,-,-,-,-,-,-,-,-,-
Olathe 1-23,-,-,-,-,-,-,-,-,-,-,-,-,0,-,0,-,-,-,-,-,-,-,-,-,-,-,-,-,-,-,-,-,-,-
Olathe 1-24,-,-,-,-,-,-,-,-,-,-,-,-,0,-,0,-,-,-,-,-,-,-,-,-,-,-,-,-,-,-,-,-,-,-
Olathe 1-25,-,-,-,-,-,-,-,-,-,-,-,-,-,-,-,-,-,-,-,-,-,-,-,-,-,-,-,-,0,-,0,-,-,-
Olathe 1-26,-,-,-,-,-,-,-,-,-,-,-,-,0,0.00%,4,100.00%,-,-,-,-,-,-,-,-,-,-,-,-,-,-,-,-,-,-
Olathe 1-27,-,-,-,-,-,-,-,-,-,-,-,-,299,55.27%,242,44.73%,-,-,-,-,-,-,-,-,-,-,-,-,-,-,-,-,-,-
Olathe 1-28,-,-,-,-,-,-,-,-,-,-,-,-,-,-,-,-,-,-,-,-,-,-,-,-,-,-,-,-,123,60.89%,79,39.11%,-,-
Olathe 1-29,-,-,-,-,-,-,-,-,-,-,-,-,-,-,-,-,-,-,-,-,-,-,-,-,-,-,-,-,83,68.03%,39,31.97%,-,-
Olathe 2-01,-,-,-,-,-,-,-,-,-,-,-,-,-,-,-,-,-,-,-,-,-,-,-,-,-,-,-,-,241,65.49%,127,34.51%,-,-
Olathe 2-02,-,-,-,-,-,-,-,-,-,-,-,-,262,61.07%,167,38.93%,-,-,-,-,-,-,-,-,-,-,-,-,-,-,-,-,-,-
Olathe 2-03,-,-,-,-,-,-,-,-,-,-,-,-,-,-,-,-,-,-,-,-,-,-,-,-,-,-,-,-,333,55.04%,272,44.96%,-,-
Olathe 2-04,-,-,-,-,-,-,-,-,-,-,-,-,-,-,-,-,-,-,-,-,-,-,-,-,-,-,-,-,379,51.01%,362,48.72%,-,-
Olathe 2-05,-,-,-,-,-,-,-,-,-,-,-,-,1054,73.25%,384,26.69%,-,-,-,-,-,-,-,-,-,-,-,-,-,-,-,-,-,-
Olathe 2-06,-,-,-,-,-,-,-,-,-,-,-,-,600,75.76%,192,24.24%,-,-,-,-,-,-,-,-,-,-,-,-,-,-,-,-,-,-
Olathe 2-07,-,-,-,-,-,-,-,-,-,-,-,-,667,67.44%,321,32.46%,-,-,-,-,-,-,-,-,-,-,-,-,-,-,-,-,-,-
Olathe 2-08,-,-,-,-,-,-,-,-,-,-,-,-,-,-,-,-,-,-,-,-,-,-,-,-,-,-,-,-,505,55.31%,408,44.69%,-,-
Olathe 2-09,-,-,-,-,-,-,-,-,-,-,-,-,210,62.31%,127,37.69%,-,-,-,-,-,-,-,-,-,-,-,-,-,-,-,-,-,-
Olathe 2-10,-,-,-,-,-,-,-,-,-,-,-,-,925,60.62%,599,39.25%,-,-,-,-,-,-,-,-,-,-,-,-,-,-,-,-,-,-
Olathe 2-11,-,-,-,-,-,-,-,-,-,-,-,-,667,60.91%,427,39.00%,-,-,-,-,-,-,-,-,-,-,-,-,-,-,-,-,-,-
Olathe 2-12,-,-,-,-,-,-,-,-,-,-,-,-,370,63.57%,212,36.43%,-,-,-,-,-,-,-,-,-,-,-,-,-,-,-,-,-,-
Olathe 2-13,-,-,-,-,-,-,-,-,-,-,-,-,423,63.04%,248,36.96%,-,-,-,-,-,-,-,-,-,-,-,-,-,-,-,-,-,-
Olathe 2-14,-,-,-,-,-,-,-,-,-,-,-,-,-,-,-,-,-,-,-,-,-,-,-,-,-,-,-,-,376,59.68%,253,40.16%,-,-
Olathe 2-15,-,-,-,-,-,-,-,-,-,-,-,-,321,71.97%,125,28.03%,-,-,-,-,-,-,-,-,-,-,-,-,-,-,-,-,-,-
Olathe 2-16,-,-,-,-,-,-,-,-,-,-,-,-,0,-,0,-,-,-,-,-,-,-,-,-,-,-,-,-,-,-,-,-,-,-
Olathe 2-17,-,-,-,-,-,-,-,-,-,-,-,-,0,-,0,-,-,-,-,-,-,-,-,-,-,-,-,-,-,-,-,-,-,-
Olathe 2-18,-,-,-,-,-,-,-,-,-,-,-,-,-,-,-,-,-,-,-,-,-,-,-,-,0,-,0,-,-,-,-,-,-,-
Olathe 2-19,-,-,-,-,-,-,-,-,-,-,-,-,5,71.43%,2,28.57%,-,-,-,-,-,-,-,-,-,-,-,-,-,-,-,-,-,-
Olathe 2-20,-,-,-,-,-,-,-,-,-,-,-,-,0,-,0,-,-,-,-,-,-,-,-,-,-,-,-,-,-,-,-,-,-,-
Olathe 2-21,-,-,-,-,-,-,-,-,-,-,-,-,0,-,0,-,-,-,-,-,-,-,-,-,-,-,-,-,-,-,-,-,-,-
Olathe 2-22,-,-,-,-,-,-,-,-,-,-,-,-,704,65.73%,367,34.27%,-,-,-,-,-,-,-,-,-,-,-,-,-,-,-,-,-,-
Olathe 2-23,-,-,-,-,-,-,-,-,-,-,-,-,531,64.99%,285,34.88%,-,-,-,-,-,-,-,-,-,-,-,-,-,-,-,-,-,-
Olathe 2-24,-,-,-,-,-,-,-,-,-,-,-,-,11,78.57%,3,21.43%,-,-,-,-,-,-,-,-,-,-,-,-,-,-,-,-,-,-
Olathe 2-25,-,-,-,-,-,-,-,-,-,-,-,-,2,25.00%,6,75.00%,-,-,-,-,-,-,-,-,-,-,-,-,-,-,-,-,-,-
Olathe 2-26,-,-,-,-,-,-,-,-,-,-,-,-,0,-,0,-,-,-,-,-,-,-,-,-,-,-,-,-,-,-,-,-,-,-
Olathe 2-27,-,-,-,-,-,-,-,-,-,-,-,-,9,81.82%,2,18.18%,-,-,-,-,-,-,-,-,-,-,-,-,-,-,-,-,-,-
Olathe 2-28,-,-,-,-,-,-,-,-,-,-,-,-,134,54.69%,111,45.31%,-,-,-,-,-,-,-,-,-,-,-,-,-,-,-,-,-,-
Olathe 3-01,-,-,-,-,-,-,-,-,-,-,-,-,-,-,-,-,-,-,-,-,-,-,-,-,-,-,-,-,210,54.26%,177,45.74%,-,-
Olathe 3-02,-,-,-,-,-,-,-,-,-,-,-,-,-,-,-,-,-,-,-,-,-,-,-,-,-,-,-,-,605,59.02%,418,40.78%,-,-
Olathe 3-03,-,-,-,-,-,-,-,-,-,-,-,-,-,-,-,-,-,-,-,-,-,-,-,-,-,-,-,-,369,70.69%,151,28.93%,-,-
Olathe 3-04,-,-,-,-,-,-,-,-,-,-,-,-,-,-,-,-,-,-,-,-,-,-,-,-,-,-,-,-,551,62.47%,328,37.19%,-,-
Olathe 3-05,-,-,-,-,-,-,-,-,-,-,-,-,-,-,-,-,-,-,-,-,-,-,-,-,-,-,-,-,-,-,-,-,647,98.78%
Olathe 3-06,-,-,-,-,-,-,-,-,-,-,-,-,-,-,-,-,-,-,-,-,-,-,-,-,-,-,-,-,422,69.41%,186,30.59%,-,-
Olathe 3-07,-,-,-,-,-,-,-,-,-,-,-,-,-,-,-,-,-,-,-,-,-,-,-,-,-,-,-,-,400,64.94%,215,34.90%,-,-
Olathe 3-08,-,-,-,-,-,-,-,-,-,-,-,-,-,-,-,-,-,-,-,-,-,-,-,-,-,-,-,-,596,66.97%,294,33.03%,-,-
Olathe 3-09,-,-,-,-,-,-,-,-,-,-,-,-,-,-,-,-,-,-,-,-,-,-,-,-,-,-,-,-,323,65.78%,167,34.01%,-,-
Olathe 3-10,-,-,-,-,-,-,-,-,-,-,-,-,-,-,-,-,-,-,-,-,-,-,-,-,-,-,-,-,645,66.43%,325,33.47%,-,-
Olathe 3-11,-,-,-,-,-,-,-,-,-,-,-,-,-,-,-,-,-,-,-,-,-,-,-,-,-,-,-,-,400,61.92%,246,38.08%,-,-
Olathe 3-12,-,-,-,-,-,-,-,-,-,-,-,-,-,-,-,-,-,-,-,-,-,-,-,-,-,-,-,-,528,60.69%,340,39.08%,-,-
Olathe 3-13,-,-,-,-,-,-,-,-,-,-,-,-,-,-,-,-,-,-,-,-,-,-,-,-,-,-,-,-,574,64.93%,308,34.84%,-,-
Olathe 3-14,-,-,-,-,-,-,-,-,-,-,-,-,-,-,-,-,-,-,-,-,-,-,-,-,-,-,-,-,-,-,-,-,3,100.00%
Olathe 3-15,-,-,-,-,-,-,-,-,-,-,-,-,-,-,-,-,-,-,-,-,-,-,-,-,-,-,-,-,467,68.27%,217,31.73%,-,-
Olathe 3-16,-,-,-,-,-,-,-,-,-,-,-,-,-,-,-,-,-,-,-,-,-,-,-,-,-,-,-,-,487,65.90%,252,34.10%,-,-
Olathe 3-17,-,-,-,-,-,-,-,-,-,-,-,-,-,-,-,-,-,-,-,-,-,-,-,-,-,-,-,-,640,68.16%,299,31.84%,-,-
Olathe 3-18,-,-,-,-,-,-,-,-,-,-,-,-,-,-,-,-,-,-,-,-,-,-,-,-,-,-,-,-,546,64.69%,295,34.95%,-,-
Olathe 3-19,-,-,-,-,-,-,-,-,-,-,-,-,-,-,-,-,-,-,-,-,-,-,-,-,-,-,-,-,382,73.04%,141,26.96%,-,-
Olathe 3-20,-,-,-,-,-,-,-,-,-,-,-,-,-,-,-,-,-,-,-,-,-,-,-,-,-,-,-,-,432,70.47%,181,29.53%,-,-
Olathe 3-21,-,-,-,-,-,-,-,-,-,-,-,-,-,-,-,-,-,-,-,-,-,-,-,-,-,-,-,-,301,75.82%,96,24.18%,-,-
Olathe 3-22,-,-,-,-,-,-,-,-,-,-,-,-,-,-,-,-,-,-,-,-,-,-,-,-,-,-,-,-,485,61.47%,304,38.53%,-,-
Olathe 3-23,-,-,-,-,-,-,-,-,-,-,-,-,-,-,-,-,-,-,-,-,-,-,-,-,-,-,-,-,458,58.34%,327,41.66%,-,-
Olathe 3-24,-,-,-,-,-,-,-,-,-,-,-,-,-,-,-,-,-,-,-,-,-,-,-,-,-,-,-,-,0,-,0,-,-,-
Olathe 3-25,-,-,-,-,-,-,-,-,-,-,-,-,-,-,-,-,-,-,-,-,-,-,-,-,-,-,-,-,-,-,-,-,0,-
Olathe 3-26,-,-,-,-,-,-,-,-,-,-,-,-,-,-,-,-,-,-,-,-,-,-,-,-,-,-,-,-,45,51.72%,41,47.13%,-,-
Olathe 3-27,-,-,-,-,-,-,-,-,-,-,-,-,-,-,-,-,-,-,-,-,-,-,-,-,-,-,-,-,266,66.83%,129,32.41%,-,-
Olathe 4-01,-,-,-,-,-,-,-,-,-,-,-,-,423,54.86%,346,44.88%,-,-,-,-,-,-,-,-,-,-,-,-,-,-,-,-,-,-
Olathe 4-02,-,-,-,-,-,-,-,-,-,-,-,-,669,62.06%,406,37.66%,-,-,-,-,-,-,-,-,-,-,-,-,-,-,-,-,-,-
Olathe 4-03,-,-,-,-,-,-,-,-,-,-,-,-,264,53.01%,233,46.79%,-,-,-,-,-,-,-,-,-,-,-,-,-,-,-,-,-,-
Olathe 4-04,-,-,-,-,-,-,-,-,-,-,-,-,254,50.70%,247,49.30%,-,-,-,-,-,-,-,-,-,-,-,-,-,-,-,-,-,-
Olathe 4-05,-,-,-,-,-,-,-,-,-,-,-,-,475,60.98%,304,39.02%,-,-,-,-,-,-,-,-,-,-,-,-,-,-,-,-,-,-
Olathe 4-06,-,-,-,-,-,-,-,-,-,-,-,-,-,-,-,-,-,-,-,-,-,-,-,-,-,-,-,-,622,59.07%,428,40.65%,-,-
Olathe 4-07,-,-,-,-,-,-,-,-,-,-,-,-,-,-,-,-,-,-,-,-,-,-,-,-,-,-,-,-,496,53.10%,435,46.57%,-,-
Olathe 4-08,-,-,-,-,-,-,-,-,-,-,-,-,463,65.77%,241,34.23%,-,-,-,-,-,-,-,-,-,-,-,-,-,-,-,-,-,-
Olathe 4-09,-,-,-,-,-,-,-,-,-,-,-,-,654,63.87%,370,36.13%,-,-,-,-,-,-,-,-,-,-,-,-,-,-,-,-,-,-
Olathe 4-10,-,-,-,-,-,-,-,-,-,-,-,-,382,65.08%,205,34.92%,-,-,-,-,-,-,-,-,-,-,-,-,-,-,-,-,-,-
Olathe 4-11,-,-,-,-,-,-,-,-,-,-,-,-,211,49.07%,218,50.70%,-,-,-,-,-,-,-,-,-,-,-,-,-,-,-,-,-,-
Olathe 4-12,-,-,-,-,-,-,-,-,-,-,-,-,-,-,-,-,-,-,-,-,-,-,-,-,-,-,-,-,631,61.68%,391,38.22%,-,-
Olathe 4-13,-,-,-,-,-,-,-,-,-,-,-,-,258,53.53%,223,46.27%,-,-,-,-,-,-,-,-,-,-,-,-,-,-,-,-,-,-
Olathe 4-14,-,-,-,-,-,-,-,-,-,-,-,-,544,58.43%,386,41.46%,-,-,-,-,-,-,-,-,-,-,-,-,-,-,-,-,-,-
Olathe 4-15,-,-,-,-,-,-,-,-,-,-,-,-,-,-,-,-,-,-,-,-,-,-,-,-,-,-,-,-,34,39.53%,52,60.47%,-,-
Olathe 4-16,-,-,-,-,-,-,-,-,-,-,-,-,-,-,-,-,-,-,-,-,-,-,-,-,-,-,-,-,1,50.00%,1,50.00%,-,-
Olathe 4-17,-,-,-,-,-,-,-,-,-,-,-,-,4,80.00%,1,20.00%,-,-,-,-,-,-,-,-,-,-,-,-,-,-,-,-,-,-
Olathe 4-18,-,-,-,-,-,-,-,-,-,-,-,-,160,48.19%,171,51.51%,-,-,-,-,-,-,-,-,-,-,-,-,-,-,-,-,-,-
Olathe Twp 0-01,-,-,-,-,-,-,-,-,-,-,-,-,218,61.93%,134,38.07%,-,-,-,-,-,-,-,-,-,-,-,-,-,-,-,-,-,-
Olathe Twp 0-02,-,-,-,-,-,-,-,-,-,-,-,-,50,76.92%,15,23.08%,-,-,-,-,-,-,-,-,-,-,-,-,-,-,-,-,-,-
Olathe Twp 0-03,-,-,-,-,-,-,-,-,-,-,-,-,25,52.08%,23,47.92%,-,-,-,-,-,-,-,-,-,-,-,-,-,-,-,-,-,-
Olathe Twp 0-04,-,-,-,-,-,-,-,-,-,-,-,-,1,50.00%,1,50.00%,-,-,-,-,-,-,-,-,-,-,-,-,-,-,-,-,-,-
Olathe Twp 0-05,-,-,-,-,-,-,-,-,-,-,-,-,3,100.00%,0,0.00%,-,-,-,-,-,-,-,-,-,-,-,-,-,-,-,-,-,-
Olathe Twp 0-06,-,-,-,-,-,-,-,-,-,-,-,-,-,-,-,-,-,-,-,-,-,-,-,-,-,-,-,-,-,-,-,-,1,100.00%
Olathe Twp 0-07,-,-,-,-,-,-,-,-,-,-,-,-,-,-,-,-,-,-,-,-,-,-,-,-,-,-,-,-,1,50.00%,1,50.00%,-,-
Olathe Twp 0-08,-,-,-,-,-,-,-,-,-,-,-,-,12,75.00%,4,25.00%,-,-,-,-,-,-,-,-,-,-,-,-,-,-,-,-,-,-
Olathe Twp 0-09,-,-,-,-,-,-,-,-,-,-,-,-,0,-,0,-,-,-,-,-,-,-,-,-,-,-,-,-,-,-,-,-,-,-
Olathe Twp 0-10,-,-,-,-,-,-,-,-,-,-,-,-,-,-,-,-,-,-,-,-,-,-,-,-,-,-,-,-,12,63.16%,7,36.84%,-,-
Olathe Twp 0-11,-,-,-,-,-,-,-,-,-,-,-,-,3,75.00%,1,25.00%,-,-,-,-,-,-,-,-,-,-,-,-,-,-,-,-,-,-
Olathe Twp 0-12,-,-,-,-,-,-,-,-,-,-,-,-,-,-,-,-,-,-,-,-,-,-,-,-,-,-,-,-,0,-,0,-,-,-
Olathe Twp 0-13,-,-,-,-,-,-,-,-,-,-,-,-,-,-,-,-,-,-,-,-,-,-,-,-,-,-,-,-,0,-,0,-,-,-
Olathe Twp 0-14,-,-,-,-,-,-,-,-,-,-,-,-,-,-,-,-,-,-,-,-,-,-,-,-,-,-,-,-,1,100.00%,0,0.00%,-,-
Olathe Twp 0-17,-,-,-,-,-,-,-,-,-,-,-,-,0,-,0,-,-,-,-,-,-,-,-,-,-,-,-,-,-,-,-,-,-,-
Olathe Twp 0-24,-,-,-,-,-,-,-,-,-,-,-,-,-,-,-,-,-,-,-,-,-,-,-,-,-,-,-,-,3,100.00%,0,0.00%,-,-
Olathe Twp 0-25,-,-,-,-,-,-,-,-,-,-,-,-,-,-,-,-,-,-,-,-,-,-,-,-,-,-,-,-,7,87.50%,1,12.50%,-,-
Olathe Twp 0-26,-,-,-,-,-,-,-,-,-,-,-,-,-,-,-,-,-,-,-,-,-,-,-,-,-,-,-,-,3,75.00%,1,25.00%,-,-
Olathe Twp 0-27,-,-,-,-,-,-,-,-,-,-,-,-,-,-,-,-,-,-,-,-,-,-,-,-,-,-,-,-,-,-,-,-,0,-
Olathe Twp 0-32,-,-,-,-,-,-,-,-,-,-,-,-,-,-,-,-,-,-,-,-,-,-,-,-,-,-,-,-,21,75.00%,7,25.00%,-,-
Overland Park 1-01,417,59.23%,286,40.63%,-,-,-,-,-,-,-,-,-,-,-,-,-,-,-,-,-,-,-,-,-,-,-,-,-,-,-,-,-,-
Overland Park 1-02,-,-,-,-,424,59.14%,293,40.86%,-,-,-,-,-,-,-,-,-,-,-,-,-,-,-,-,-,-,-,-,-,-,-,-,-,-
Overland Park 1-03,-,-,-,-,317,47.31%,352,52.54%,-,-,-,-,-,-,-,-,-,-,-,-,-,-,-,-,-,-,-,-,-,-,-,-,-,-
Overland Park 1-04,-,-,-,-,-,-,-,-,-,-,-,-,-,-,-,-,113,43.13%,149,56.87%,-,-,-,-,-,-,-,-,-,-,-,-,-,-
Overland Park 1-05,-,-,-,-,-,-,-,-,-,-,-,-,-,-,-,-,-,-,-,-,-,-,-,-,259,53.73%,223,46.27%,-,-,-,-,-,-
Overland Park 1-06,-,-,-,-,442,54.70%,365,45.17%,-,-,-,-,-,-,-,-,-,-,-,-,-,-,-,-,-,-,-,-,-,-,-,-,-,-
Overland Park 1-07,-,-,-,-,423,49.30%,435,50.70%,-,-,-,-,-,-,-,-,-,-,-,-,-,-,-,-,-,-,-,-,-,-,-,-,-,-
Overland Park 1-08,-,-,-,-,-,-,-,-,-,-,-,-,-,-,-,-,-,-,-,-,-,-,-,-,369,53.79%,315,45.92%,-,-,-,-,-,-
Overland Park 1-09,-,-,-,-,-,-,-,-,-,-,-,-,-,-,-,-,-,-,-,-,-,-,-,-,198,48.77%,208,51.23%,-,-,-,-,-,-
Overland Park 1-10,-,-,-,-,-,-,-,-,-,-,-,-,-,-,-,-,-,-,-,-,-,-,-,-,401,51.15%,383,48.85%,-,-,-,-,-,-
Overland Park 1-11,-,-,-,-,-,-,-,-,-,-,-,-,-,-,-,-,-,-,-,-,-,-,-,-,192,57.83%,138,41.57%,-,-,-,-,-,-
Overland Park 1-12,-,-,-,-,-,-,-,-,-,-,-,-,-,-,-,-,-,-,-,-,-,-,-,-,440,56.19%,343,43.81%,-,-,-,-,-,-
Overland Park 1-13,-,-,-,-,-,-,-,-,-,-,-,-,-,-,-,-,-,-,-,-,-,-,-,-,249,46.89%,281,52.92%,-,-,-,-,-,-
Overland Park 1-14,-,-,-,-,-,-,-,-,-,-,-,-,-,-,-,-,-,-,-,-,-,-,-,-,361,50.92%,346,48.80%,-,-,-,-,-,-
Overland Park 1-15,-,-,-,-,-,-,-,-,-,-,-,-,-,-,-,-,-,-,-,-,-,-,-,-,187,55.33%,151,44.67%,-,-,-,-,-,-
Overland Park 1-16,-,-,-,-,422,51.78%,391,47.98%,-,-,-,-,-,-,-,-,-,-,-,-,-,-,-,-,-,-,-,-,-,-,-,-,-,-
Overland Park 1-17,-,-,-,-,207,55.50%,166,44.50%,-,-,-,-,-,-,-,-,-,-,-,-,-,-,-,-,-,-,-,-,-,-,-,-,-,-
Overland Park 1-18,-,-,-,-,297,47.75%,325,52.25%,-,-,-,-,-,-,-,-,-,-,-,-,-,-,-,-,-,-,-,-,-,-,-,-,-,-
Overland Park 1-19,-,-,-,-,-,-,-,-,-,-,-,-,-,-,-,-,-,-,-,-,-,-,-,-,321,53.86%,275,46.14%,-,-,-,-,-,-
Overland Park 1-20,-,-,-,-,-,-,-,-,-,-,-,-,-,-,-,-,-,-,-,-,-,-,-,-,224,55.72%,178,44.28%,-,-,-,-,-,-
Overland Park 1-21,-,-,-,-,-,-,-,-,-,-,-,-,-,-,-,-,108,47.79%,118,52.21%,-,-,-,-,-,-,-,-,-,-,-,-,-,-
Overland Park 1-22,-,-,-,-,-,-,-,-,-,-,-,-,-,-,-,-,-,-,-,-,-,-,-,-,100,57.80%,73,42.20%,-,-,-,-,-,-
Overland Park 2-01,-,-,-,-,-,-,-,-,-,-,-,-,-,-,-,-,-,-,-,-,263,47.99%,285,52.01%,-,-,-,-,-,-,-,-,-,-
Overland Park 2-02,-,-,-,-,303,49.43%,309,50.41%,-,-,-,-,-,-,-,-,-,-,-,-,-,-,-,-,-,-,-,-,-,-,-,-,-,-
Overland Park 2-03,-,-,-,-,257,47.16%,288,52.84%,-,-,-,-,-,-,-,-,-,-,-,-,-,-,-,-,-,-,-,-,-,-,-,-,-,-
Overland Park 2-04,-,-,-,-,-,-,-,-,320,45.85%,378,54.15%,-,-,-,-,-,-,-,-,-,-,-,-,-,-,-,-,-,-,-,-,-,-
Overland Park 2-05,-,-,-,-,-,-,-,-,-,-,-,-,-,-,-,-,-,-,-,-,-,-,-,-,333,48.90%,347,50.95%,-,-,-,-,-,-
Overland Park 2-06,-,-,-,-,-,-,-,-,-,-,-,-,-,-,-,-,-,-,-,-,-,-,-,-,311,48.44%,331,51.56%,-,-,-,-,-,-
Overland Park 2-07,-,-,-,-,-,-,-,-,-,-,-,-,-,-,-,-,-,-,-,-,-,-,-,-,227,45.49%,272,54.51%,-,-,-,-,-,-
Overland Park 2-08,-,-,-,-,262,60.65%,169,39.12%,-,-,-,-,-,-,-,-,-,-,-,-,-,-,-,-,-,-,-,-,-,-,-,-,-,-
Overland Park 2-09,-,-,-,-,-,-,-,-,265,45.61%,315,54.22%,-,-,-,-,-,-,-,-,-,-,-,-,-,-,-,-,-,-,-,-,-,-
Overland Park 2-10,-,-,-,-,-,-,-,-,257,55.63%,203,43.94%,-,-,-,-,-,-,-,-,-,-,-,-,-,-,-,-,-,-,-,-,-,-
Overland Park 2-11,-,-,-,-,-,-,-,-,300,48.15%,322,51.69%,-,-,-,-,-,-,-,-,-,-,-,-,-,-,-,-,-,-,-,-,-,-
Overland Park 2-12,-,-,-,-,-,-,-,-,234,48.75%,245,51.04%,-,-,-,-,-,-,-,-,-,-,-,-,-,-,-,-,-,-,-,-,-,-
Overland Park 2-13,-,-,-,-,-,-,-,-,161,41.39%,228,58.61%,-,-,-,-,-,-,-,-,-,-,-,-,-,-,-,-,-,-,-,-,-,-
Overland Park 2-14,-,-,-,-,207,46.94%,233,52.83%,-,-,-,-,-,-,-,-,-,-,-,-,-,-,-,-,-,-,-,-,-,-,-,-,-,-
Overland Park 2-15,-,-,-,-,-,-,-,-,374,46.17%,435,53.70%,-,-,-,-,-,-,-,-,-,-,-,-,-,-,-,-,-,-,-,-,-,-
Overland Park 2-16,-,-,-,-,243,49.69%,246,50.31%,-,-,-,-,-,-,-,-,-,-,-,-,-,-,-,-,-,-,-,-,-,-,-,-,-,-
Overland Park 2-17,-,-,-,-,-,-,-,-,435,57.24%,325,42.76%,-,-,-,-,-,-,-,-,-,-,-,-,-,-,-,-,-,-,-,-,-,-
Overland Park 2-18,-,-,-,-,-,-,-,-,-,-,-,-,-,-,-,-,-,-,-,-,-,-,-,-,385,46.72%,437,53.03%,-,-,-,-,-,-
Overland Park 2-19,-,-,-,-,219,43.45%,284,56.35%,-,-,-,-,-,-,-,-,-,-,-,-,-,-,-,-,-,-,-,-,-,-,-,-,-,-
Overland Park 2-20,-,-,-,-,-,-,-,-,254,53.59%,220,46.41%,-,-,-,-,-,-,-,-,-,-,-,-,-,-,-,-,-,-,-,-,-,-
Overland Park 2-21,-,-,-,-,222,44.40%,277,55.40%,-,-,-,-,-,-,-,-,-,-,-,-,-,-,-,-,-,-,-,-,-,-,-,-,-,-
Overland Park 2-22,-,-,-,-,308,50.08%,305,49.59%,-,-,-,-,-,-,-,-,-,-,-,-,-,-,-,-,-,-,-,-,-,-,-,-,-,-
Overland Park 2-23,-,-,-,-,189,33.69%,372,66.31%,-,-,-,-,-,-,-,-,-,-,-,-,-,-,-,-,-,-,-,-,-,-,-,-,-,-
Overland Park 2-24,-,-,-,-,-,-,-,-,-,-,-,-,-,-,-,-,-,-,-,-,464,48.18%,499,51.82%,-,-,-,-,-,-,-,-,-,-
Overland Park 2-25,-,-,-,-,-,-,-,-,-,-,-,-,-,-,-,-,-,-,-,-,337,49.71%,339,50.00%,-,-,-,-,-,-,-,-,-,-
Overland Park 2-26,-,-,-,-,-,-,-,-,121,41.87%,167,57.79%,-,-,-,-,-,-,-,-,-,-,-,-,-,-,-,-,-,-,-,-,-,-
Overland Park 3-01,-,-,-,-,-,-,-,-,608,57.69%,444,42.13%,-,-,-,-,-,-,-,-,-,-,-,-,-,-,-,-,-,-,-,-,-,-
Overland Park 3-02,-,-,-,-,-,-,-,-,325,50.00%,325,50.00%,-,-,-,-,-,-,-,-,-,-,-,-,-,-,-,-,-,-,-,-,-,-
Overland Park 3-03,-,-,-,-,-,-,-,-,328,55.78%,260,44.22%,-,-,-,-,-,-,-,-,-,-,-,-,-,-,-,-,-,-,-,-,-,-
Overland Park 3-04,-,-,-,-,-,-,-,-,389,47.85%,423,52.03%,-,-,-,-,-,-,-,-,-,-,-,-,-,-,-,-,-,-,-,-,-,-
Overland Park 3-05,-,-,-,-,-,-,-,-,405,51.53%,380,48.35%,-,-,-,-,-,-,-,-,-,-,-,-,-,-,-,-,-,-,-,-,-,-
Overland Park 3-06,-,-,-,-,-,-,-,-,444,49.55%,452,50.45%,-,-,-,-,-,-,-,-,-,-,-,-,-,-,-,-,-,-,-,-,-,-
Overland Park 3-07,-,-,-,-,-,-,-,-,286,45.98%,335,53.86%,-,-,-,-,-,-,-,-,-,-,-,-,-,-,-,-,-,-,-,-,-,-
Overland Park 3-08,-,-,-,-,-,-,-,-,334,50.76%,324,49.24%,-,-,-,-,-,-,-,-,-,-,-,-,-,-,-,-,-,-,-,-,-,-
Overland Park 3-09,-,-,-,-,-,-,-,-,516,52.12%,473,47.78%,-,-,-,-,-,-,-,-,-,-,-,-,-,-,-,-,-,-,-,-,-,-
Overland Park 3-10,-,-,-,-,-,-,-,-,283,55.17%,230,44.83%,-,-,-,-,-,-,-,-,-,-,-,-,-,-,-,-,-,-,-,-,-,-
Overland Park 3-11,-,-,-,-,-,-,-,-,388,54.65%,321,45.21%,-,-,-,-,-,-,-,-,-,-,-,-,-,-,-,-,-,-,-,-,-,-
Overland Park 3-12,-,-,-,-,-,-,-,-,215,39.74%,326,60.26%,-,-,-,-,-,-,-,-,-,-,-,-,-,-,-,-,-,-,-,-,-,-
Overland Park 3-13,-,-,-,-,-,-,-,-,637,52.04%,585,47.79%,-,-,-,-,-,-,-,-,-,-,-,-,-,-,-,-,-,-,-,-,-,-
Overland Park 3-14,-,-,-,-,-,-,-,-,384,45.99%,451,54.01%,-,-,-,-,-,-,-,-,-,-,-,-,-,-,-,-,-,-,-,-,-,-
Overland Park 3-15,-,-,-,-,-,-,-,-,318,57.82%,232,42.18%,-,-,-,-,-,-,-,-,-,-,-,-,-,-,-,-,-,-,-,-,-,-
Overland Park 3-16,-,-,-,-,-,-,-,-,-,-,-,-,-,-,-,-,-,-,-,-,327,49.85%,329,50.15%,-,-,-,-,-,-,-,-,-,-
Overland Park 3-17,-,-,-,-,-,-,-,-,291,55.75%,231,44.25%,-,-,-,-,-,-,-,-,-,-,-,-,-,-,-,-,-,-,-,-,-,-
Overland Park 3-18,-,-,-,-,-,-,-,-,320,47.13%,358,52.72%,-,-,-,-,-,-,-,-,-,-,-,-,-,-,-,-,-,-,-,-,-,-
Overland Park 3-19,-,-,-,-,-,-,-,-,403,54.68%,334,45.32%,-,-,-,-,-,-,-,-,-,-,-,-,-,-,-,-,-,-,-,-,-,-
Overland Park 3-20,-,-,-,-,-,-,-,-,-,-,-,-,-,-,-,-,-,-,-,-,413,47.53%,454,52.24%,-,-,-,-,-,-,-,-,-,-
Overland Park 4-01,-,-,-,-,-,-,-,-,-,-,-,-,-,-,-,-,-,-,-,-,-,-,-,-,-,-,-,-,-,-,-,-,470,98.95%
Overland Park 4-02,-,-,-,-,-,-,-,-,-,-,-,-,-,-,-,-,-,-,-,-,-,-,-,-,-,-,-,-,-,-,-,-,831,99.16%
Overland Park 4-03,-,-,-,-,-,-,-,-,-,-,-,-,-,-,-,-,-,-,-,-,350,32.11%,740,67.89%,-,-,-,-,-,-,-,-,-,-
Overland Park 4-04,-,-,-,-,-,-,-,-,700,62.56%,419,37.44%,-,-,-,-,-,-,-,-,-,-,-,-,-,-,-,-,-,-,-,-,-,-
Overland Park 4-05,-,-,-,-,-,-,-,-,541,63.42%,311,36.46%,-,-,-,-,-,-,-,-,-,-,-,-,-,-,-,-,-,-,-,-,-,-
Overland Park 4-06,-,-,-,-,-,-,-,-,379,57.77%,277,42.23%,-,-,-,-,-,-,-,-,-,-,-,-,-,-,-,-,-,-,-,-,-,-
Overland Park 4-07,-,-,-,-,-,-,-,-,265,46.74%,302,53.26%,-,-,-,-,-,-,-,-,-,-,-,-,-,-,-,-,-,-,-,-,-,-
Overland Park 4-08,-,-,-,-,-,-,-,-,449,56.98%,339,43.02%,-,-,-,-,-,-,-,-,-,-,-,-,-,-,-,-,-,-,-,-,-,-
Overland Park 4-09,-,-,-,-,-,-,-,-,518,69.07%,232,30.93%,-,-,-,-,-,-,-,-,-,-,-,-,-,-,-,-,-,-,-,-,-,-
Overland Park 4-10,-,-,-,-,-,-,-,-,371,64.41%,205,35.59%,-,-,-,-,-,-,-,-,-,-,-,-,-,-,-,-,-,-,-,-,-,-
Overland Park 4-11,-,-,-,-,-,-,-,-,487,53.17%,429,46.83%,-,-,-,-,-,-,-,-,-,-,-,-,-,-,-,-,-,-,-,-,-,-
Overland Park 4-12,-,-,-,-,-,-,-,-,726,58.64%,511,41.28%,-,-,-,-,-,-,-,-,-,-,-,-,-,-,-,-,-,-,-,-,-,-
Overland Park 4-13,-,-,-,-,-,-,-,-,428,71.57%,169,28.26%,-,-,-,-,-,-,-,-,-,-,-,-,-,-,-,-,-,-,-,-,-,-
Overland Park 4-14,-,-,-,-,-,-,-,-,317,65.09%,170,34.91%,-,-,-,-,-,-,-,-,-,-,-,-,-,-,-,-,-,-,-,-,-,-
Overland Park 4-15,-,-,-,-,-,-,-,-,676,62.19%,410,37.72%,-,-,-,-,-,-,-,-,-,-,-,-,-,-,-,-,-,-,-,-,-,-
Overland Park 4-16,-,-,-,-,-,-,-,-,563,67.02%,277,32.98%,-,-,-,-,-,-,-,-,-,-,-,-,-,-,-,-,-,-,-,-,-,-
Overland Park 4-17,-,-,-,-,-,-,-,-,550,59.01%,382,40.99%,-,-,-,-,-,-,-,-,-,-,-,-,-,-,-,-,-,-,-,-,-,-
Overland Park 4-18,-,-,-,-,-,-,-,-,98,48.51%,103,50.99%,-,-,-,-,-,-,-,-,-,-,-,-,-,-,-,-,-,-,-,-,-,-
Overland Park 5-01,-,-,-,-,-,-,-,-,475,57.44%,352,42.56%,-,-,-,-,-,-,-,-,-,-,-,-,-,-,-,-,-,-,-,-,-,-
Overland Park 5-02,-,-,-,-,-,-,-,-,243,54.61%,200,44.94%,-,-,-,-,-,-,-,-,-,-,-,-,-,-,-,-,-,-,-,-,-,-
Overland Park 5-03,-,-,-,-,-,-,-,-,364,57.50%,268,42.34%,-,-,-,-,-,-,-,-,-,-,-,-,-,-,-,-,-,-,-,-,-,-
Overland Park 5-04,-,-,-,-,-,-,-,-,394,52.53%,356,47.47%,-,-,-,-,-,-,-,-,-,-,-,-,-,-,-,-,-,-,-,-,-,-
Overland Park 5-05,-,-,-,-,-,-,-,-,280,43.89%,357,55.96%,-,-,-,-,-,-,-,-,-,-,-,-,-,-,-,-,-,-,-,-,-,-
Overland Park 5-06,-,-,-,-,-,-,-,-,-,-,-,-,-,-,-,-,-,-,-,-,332,42.84%,443,57.16%,-,-,-,-,-,-,-,-,-,-
Overland Park 5-07,-,-,-,-,-,-,-,-,-,-,-,-,-,-,-,-,-,-,-,-,262,26.20%,738,73.80%,-,-,-,-,-,-,-,-,-,-
Overland Park 5-08,-,-,-,-,-,-,-,-,-,-,-,-,-,-,-,-,-,-,-,-,465,38.21%,752,61.79%,-,-,-,-,-,-,-,-,-,-
Overland Park 5-09,-,-,-,-,-,-,-,-,-,-,-,-,-,-,-,-,-,-,-,-,430,41.67%,602,58.33%,-,-,-,-,-,-,-,-,-,-
Overland Park 5-10,-,-,-,-,-,-,-,-,-,-,-,-,-,-,-,-,-,-,-,-,363,43.06%,480,56.94%,-,-,-,-,-,-,-,-,-,-
Overland Park 5-11,-,-,-,-,-,-,-,-,502,49.31%,516,50.69%,-,-,-,-,-,-,-,-,-,-,-,-,-,-,-,-,-,-,-,-,-,-
Overland Park 5-12,-,-,-,-,-,-,-,-,115,47.92%,125,52.08%,-,-,-,-,-,-,-,-,-,-,-,-,-,-,-,-,-,-,-,-,-,-
Overland Park 5-13,-,-,-,-,-,-,-,-,-,-,-,-,-,-,-,-,-,-,-,-,468,47.42%,518,52.48%,-,-,-,-,-,-,-,-,-,-
Overland Park 5-14,-,-,-,-,-,-,-,-,-,-,-,-,-,-,-,-,-,-,-,-,330,40.89%,477,59.11%,-,-,-,-,-,-,-,-,-,-
Overland Park 5-15,-,-,-,-,-,-,-,-,400,54.50%,334,45.50%,-,-,-,-,-,-,-,-,-,-,-,-,-,-,-,-,-,-,-,-,-,-
Overland Park 5-16,-,-,-,-,-,-,-,-,-,-,-,-,-,-,-,-,-,-,-,-,235,45.02%,286,54.79%,-,-,-,-,-,-,-,-,-,-
Overland Park 5-17,-,-,-,-,-,-,-,-,-,-,-,-,-,-,-,-,-,-,-,-,165,46.74%,188,53.26%,-,-,-,-,-,-,-,-,-,-
Overland Park 5-18,-,-,-,-,-,-,-,-,-,-,-,-,-,-,-,-,-,-,-,-,322,48.64%,339,51.21%,-,-,-,-,-,-,-,-,-,-
Overland Park 5-19,-,-,-,-,-,-,-,-,48,60.00%,32,40.00%,-,-,-,-,-,-,-,-,-,-,-,-,-,-,-,-,-,-,-,-,-,-
Overland Park 6-01,-,-,-,-,-,-,-,-,-,-,-,-,-,-,-,-,-,-,-,-,323,34.07%,625,65.93%,-,-,-,-,-,-,-,-,-,-
Overland Park 6-02,-,-,-,-,-,-,-,-,-,-,-,-,-,-,-,-,-,-,-,-,254,33.20%,509,66.54%,-,-,-,-,-,-,-,-,-,-
Overland Park 6-03,-,-,-,-,-,-,-,-,-,-,-,-,-,-,-,-,-,-,-,-,-,-,-,-,-,-,-,-,-,-,-,-,782,98.49%
Overland Park 6-04,-,-,-,-,-,-,-,-,-,-,-,-,-,-,-,-,-,-,-,-,-,-,-,-,-,-,-,-,-,-,-,-,785,99.37%
Overland Park 6-05,-,-,-,-,-,-,-,-,-,-,-,-,-,-,-,-,-,-,-,-,391,38.60%,622,61.40%,-,-,-,-,-,-,-,-,-,-
Overland Park 6-06,-,-,-,-,-,-,-,-,-,-,-,-,-,-,-,-,-,-,-,-,-,-,-,-,-,-,-,-,-,-,-,-,1,100.00%
Overland Park 6-07,-,-,-,-,-,-,-,-,-,-,-,-,-,-,-,-,-,-,-,-,-,-,-,-,-,-,-,-,-,-,-,-,216,99.54%
Overland Park 6-08,-,-,-,-,-,-,-,-,-,-,-,-,-,-,-,-,-,-,-,-,-,-,-,-,-,-,-,-,-,-,-,-,939,98.95%
Overland Park 6-09,-,-,-,-,-,-,-,-,-,-,-,-,-,-,-,-,-,-,-,-,-,-,-,-,-,-,-,-,-,-,-,-,884,98.55%
Overland Park 6-10,-,-,-,-,-,-,-,-,-,-,-,-,-,-,-,-,-,-,-,-,-,-,-,-,-,-,-,-,-,-,-,-,674,98.97%
Overland Park 6-11,-,-,-,-,-,-,-,-,-,-,-,-,-,-,-,-,-,-,-,-,313,38.98%,489,60.90%,-,-,-,-,-,-,-,-,-,-
Overland Park 6-12,-,-,-,-,-,-,-,-,-,-,-,-,-,-,-,-,-,-,-,-,148,40.22%,220,59.78%,-,-,-,-,-,-,-,-,-,-
Overland Park 6-13,-,-,-,-,-,-,-,-,-,-,-,-,-,-,-,-,-,-,-,-,336,33.30%,673,66.70%,-,-,-,-,-,-,-,-,-,-
Overland Park 6-14,-,-,-,-,-,-,-,-,-,-,-,-,-,-,-,-,-,-,-,-,1,33.33%,2,66.67%,-,-,-,-,-,-,-,-,-,-
Overland Park 6-15,-,-,-,-,-,-,-,-,-,-,-,-,-,-,-,-,-,-,-,-,317,29.91%,743,70.09%,-,-,-,-,-,-,-,-,-,-
Overland Park 6-16,-,-,-,-,-,-,-,-,-,-,-,-,-,-,-,-,-,-,-,-,-,-,-,-,-,-,-,-,-,-,-,-,494,99.20%
Overland Park 6-17,-,-,-,-,-,-,-,-,-,-,-,-,-,-,-,-,-,-,-,-,335,39.50%,513,60.50%,-,-,-,-,-,-,-,-,-,-
Overland Park 6-18,-,-,-,-,-,-,-,-,-,-,-,-,-,-,-,-,-,-,-,-,-,-,-,-,-,-,-,-,-,-,-,-,0,-
Overland Park 6-19,-,-,-,-,-,-,-,-,-,-,-,-,-,-,-,-,-,-,-,-,376,38.68%,596,61.32%,-,-,-,-,-,-,-,-,-,-
Overland Park 6-20,-,-,-,-,-,-,-,-,-,-,-,-,-,-,-,-,-,-,-,-,-,-,-,-,-,-,-,-,-,-,-,-,351,99.43%
Overland Park 6-21,-,-,-,-,-,-,-,-,-,-,-,-,-,-,-,-,-,-,-,-,-,-,-,-,-,-,-,-,-,-,-,-,984,98.99%
Overland Park 6-22,-,-,-,-,-,-,-,-,-,-,-,-,-,-,-,-,-,-,-,-,-,-,-,-,-,-,-,-,-,-,-,-,288,98.97%
Overland Park 6-23,-,-,-,-,-,-,-,-,-,-,-,-,-,-,-,-,-,-,-,-,-,-,-,-,-,-,-,-,-,-,-,-,130,99.24%
Oxford Twp 0-01,-,-,-,-,-,-,-,-,-,-,-,-,-,-,-,-,-,-,-,-,-,-,-,-,-,-,-,-,-,-,-,-,0,-
Oxford Twp 0-02,-,-,-,-,-,-,-,-,-,-,-,-,-,-,-,-,-,-,-,-,-,-,-,-,-,-,-,-,-,-,-,-,473,99.37%
Oxford Twp 0-03,-,-,-,-,-,-,-,-,-,-,-,-,-,-,-,-,-,-,-,-,-,-,-,-,-,-,-,-,-,-,-,-,0,-
Oxford Twp 0-04,-,-,-,-,-,-,-,-,-,-,-,-,-,-,-,-,-,-,-,-,158,32.24%,332,67.76%,-,-,-,-,-,-,-,-,-,-
Oxford Twp 0-05,-,-,-,-,-,-,-,-,-,-,-,-,-,-,-,-,-,-,-,-,1,7.14%,13,92.86%,-,-,-,-,-,-,-,-,-,-
Oxford Twp 0-08,-,-,-,-,-,-,-,-,-,-,-,-,-,-,-,-,-,-,-,-,0,-,0,-,-,-,-,-,-,-,-,-,-,-
Oxford Twp 0-09,-,-,-,-,-,-,-,-,-,-,-,-,-,-,-,-,-,-,-,-,13,38.24%,21,61.76%,-,-,-,-,-,-,-,-,-,-
Oxford Twp 0-10,-,-,-,-,-,-,-,-,-,-,-,-,-,-,-,-,-,-,-,-,0,0.00%,2,100.00%,-,-,-,-,-,-,-,-,-,-
Oxford Twp 0-11,-,-,-,-,-,-,-,-,-,-,-,-,-,-,-,-,-,-,-,-,-,-,-,-,-,-,-,-,-,-,-,-,102,100.00%
Prairie Village 1-01,-,-,-,-,360,41.33%,510,58.55%,-,-,-,-,-,-,-,-,-,-,-,-,-,-,-,-,-,-,-,-,-,-,-,-,-,-
Prairie Village 1-02,-,-,-,-,282,44.69%,349,55.31%,-,-,-,-,-,-,-,-,-,-,-,-,-,-,-,-,-,-,-,-,-,-,-,-,-,-
Prairie Village 1-03,-,-,-,-,422,46.78%,480,53.22%,-,-,-,-,-,-,-,-,-,-,-,-,-,-,-,-,-,-,-,-,-,-,-,-,-,-
Prairie Village 2-01,-,-,-,-,344,47.71%,377,52.29%,-,-,-,-,-,-,-,-,-,-,-,-,-,-,-,-,-,-,-,-,-,-,-,-,-,-
Prairie Village 2-02,-,-,-,-,189,45.99%,221,53.77%,-,-,-,-,-,-,-,-,-,-,-,-,-,-,-,-,-,-,-,-,-,-,-,-,-,-
Prairie Village 2-03,-,-,-,-,342,49.28%,352,50.72%,-,-,-,-,-,-,-,-,-,-,-,-,-,-,-,-,-,-,-,-,-,-,-,-,-,-
Prairie Village 3-01,-,-,-,-,225,42.86%,299,56.95%,-,-,-,-,-,-,-,-,-,-,-,-,-,-,-,-,-,-,-,-,-,-,-,-,-,-
Prairie Village 3-02,-,-,-,-,345,44.17%,435,55.70%,-,-,-,-,-,-,-,-,-,-,-,-,-,-,-,-,-,-,-,-,-,-,-,-,-,-
Prairie Village 3-03,-,-,-,-,355,50.28%,349,49.43%,-,-,-,-,-,-,-,-,-,-,-,-,-,-,-,-,-,-,-,-,-,-,-,-,-,-
Prairie Village 4-01,-,-,-,-,221,28.81%,546,71.19%,-,-,-,-,-,-,-,-,-,-,-,-,-,-,-,-,-,-,-,-,-,-,-,-,-,-
Prairie Village 4-02,-,-,-,-,218,40.52%,320,59.48%,-,-,-,-,-,-,-,-,-,-,-,-,-,-,-,-,-,-,-,-,-,-,-,-,-,-
Prairie Village 4-03,-,-,-,-,360,42.76%,482,57.24%,-,-,-,-,-,-,-,-,-,-,-,-,-,-,-,-,-,-,-,-,-,-,-,-,-,-
Prairie Village 5-01,-,-,-,-,282,33.77%,553,66.23%,-,-,-,-,-,-,-,-,-,-,-,-,-,-,-,-,-,-,-,-,-,-,-,-,-,-
Prairie Village 5-02,-,-,-,-,261,32.58%,539,67.29%,-,-,-,-,-,-,-,-,-,-,-,-,-,-,-,-,-,-,-,-,-,-,-,-,-,-
Prairie Village 5-03,-,-,-,-,231,38.63%,366,61.20%,-,-,-,-,-,-,-,-,-,-,-,-,-,-,-,-,-,-,-,-,-,-,-,-,-,-
Prairie Village 6-01,-,-,-,-,348,42.65%,468,57.35%,-,-,-,-,-,-,-,-,-,-,-,-,-,-,-,-,-,-,-,-,-,-,-,-,-,-
Prairie Village 6-02,-,-,-,-,330,51.08%,315,48.76%,-,-,-,-,-,-,-,-,-,-,-,-,-,-,-,-,-,-,-,-,-,-,-,-,-,-
Prairie Village 6-03,-,-,-,-,230,47.33%,256,52.67%,-,-,-,-,-,-,-,-,-,-,-,-,-,-,-,-,-,-,-,-,-,-,-,-,-,-
Roeland Park 1-01,-,-,-,-,256,68.09%,118,31.38%,-,-,-,-,-,-,-,-,-,-,-,-,-,-,-,-,-,-,-,-,-,-,-,-,-,-
Roeland Park 1-02,-,-,-,-,159,64.11%,89,35.89%,-,-,-,-,-,-,-,-,-,-,-,-,-,-,-,-,-,-,-,-,-,-,-,-,-,-
Roeland Park 1-03,-,-,-,-,0,-,0,-,-,-,-,-,-,-,-,-,-,-,-,-,-,-,-,-,-,-,-,-,-,-,-,-,-,-
Roeland Park 2-01,-,-,-,-,234,60.31%,152,39.18%,-,-,-,-,-,-,-,-,-,-,-,-,-,-,-,-,-,-,-,-,-,-,-,-,-,-
Roeland Park 2-02,-,-,-,-,306,62.45%,184,37.55%,-,-,-,-,-,-,-,-,-,-,-,-,-,-,-,-,-,-,-,-,-,-,-,-,-,-
Roeland Park 3-01,-,-,-,-,212,65.03%,114,34.97%,-,-,-,-,-,-,-,-,-,-,-,-,-,-,-,-,-,-,-,-,-,-,-,-,-,-
Roeland Park 3-02,-,-,-,-,352,61.54%,219,38.29%,-,-,-,-,-,-,-,-,-,-,-,-,-,-,-,-,-,-,-,-,-,-,-,-,-,-
Roeland Park 4-01,-,-,-,-,154,59.00%,107,41.00%,-,-,-,-,-,-,-,-,-,-,-,-,-,-,-,-,-,-,-,-,-,-,-,-,-,-
Roeland Park 4-02,-,-,-,-,458,59.95%,302,39.53%,-,-,-,-,-,-,-,-,-,-,-,-,-,-,-,-,-,-,-,-,-,-,-,-,-,-
Shawnee 1-01,-,-,-,-,-,-,-,-,-,-,-,-,-,-,-,-,398,45.80%,471,54.20%,-,-,-,-,-,-,-,-,-,-,-,-,-,-
Shawnee 1-02,-,-,-,-,-,-,-,-,-,-,-,-,-,-,-,-,249,41.36%,352,58.47%,-,-,-,-,-,-,-,-,-,-,-,-,-,-
Shawnee 1-03,-,-,-,-,-,-,-,-,-,-,-,-,-,-,-,-,279,45.37%,336,54.63%,-,-,-,-,-,-,-,-,-,-,-,-,-,-
Shawnee 1-04,-,-,-,-,-,-,-,-,-,-,-,-,-,-,-,-,419,41.28%,596,58.72%,-,-,-,-,-,-,-,-,-,-,-,-,-,-
Shawnee 1-05,-,-,-,-,-,-,-,-,-,-,-,-,-,-,-,-,458,43.58%,593,56.42%,-,-,-,-,-,-,-,-,-,-,-,-,-,-
Shawnee 1-06,-,-,-,-,-,-,-,-,-,-,-,-,-,-,-,-,294,36.70%,507,63.30%,-,-,-,-,-,-,-,-,-,-,-,-,-,-
Shawnee 1-07,-,-,-,-,-,-,-,-,-,-,-,-,-,-,-,-,375,42.81%,500,57.08%,-,-,-,-,-,-,-,-,-,-,-,-,-,-
Shawnee 1-08,-,-,-,-,-,-,-,-,-,-,-,-,-,-,-,-,360,36.66%,622,63.34%,-,-,-,-,-,-,-,-,-,-,-,-,-,-
Shawnee 1-09,-,-,-,-,-,-,-,-,-,-,-,-,-,-,-,-,105,58.66%,74,41.34%,-,-,-,-,-,-,-,-,-,-,-,-,-,-
Shawnee 1-10,-,-,-,-,-,-,-,-,-,-,-,-,-,-,-,-,85,28.72%,211,71.28%,-,-,-,-,-,-,-,-,-,-,-,-,-,-
Shawnee 1-11,-,-,-,-,-,-,-,-,-,-,-,-,-,-,-,-,268,39.64%,407,60.21%,-,-,-,-,-,-,-,-,-,-,-,-,-,-
Shawnee 1-12,-,-,-,-,-,-,-,-,-,-,-,-,-,-,-,-,5,55.56%,4,44.44%,-,-,-,-,-,-,-,-,-,-,-,-,-,-
Shawnee 2-01,-,-,-,-,-,-,-,-,-,-,-,-,-,-,-,-,186,45.81%,220,54.19%,-,-,-,-,-,-,-,-,-,-,-,-,-,-
Shawnee 2-02,-,-,-,-,-,-,-,-,-,-,-,-,-,-,-,-,315,44.68%,390,55.32%,-,-,-,-,-,-,-,-,-,-,-,-,-,-
Shawnee 2-03,-,-,-,-,-,-,-,-,-,-,-,-,-,-,-,-,359,54.23%,303,45.77%,-,-,-,-,-,-,-,-,-,-,-,-,-,-
Shawnee 2-04,-,-,-,-,-,-,-,-,-,-,-,-,-,-,-,-,423,47.85%,461,52.15%,-,-,-,-,-,-,-,-,-,-,-,-,-,-
Shawnee 2-05,-,-,-,-,-,-,-,-,-,-,-,-,-,-,-,-,215,46.84%,243,52.94%,-,-,-,-,-,-,-,-,-,-,-,-,-,-
Shawnee 2-06,-,-,-,-,-,-,-,-,-,-,-,-,-,-,-,-,230,39.52%,352,60.48%,-,-,-,-,-,-,-,-,-,-,-,-,-,-
Shawnee 2-07,-,-,-,-,-,-,-,-,-,-,-,-,-,-,-,-,259,48.68%,273,51.32%,-,-,-,-,-,-,-,-,-,-,-,-,-,-
Shawnee 2-08,-,-,-,-,-,-,-,-,-,-,-,-,-,-,-,-,225,46.30%,260,53.50%,-,-,-,-,-,-,-,-,-,-,-,-,-,-
Shawnee 2-09,-,-,-,-,-,-,-,-,-,-,-,-,-,-,-,-,224,48.07%,241,51.72%,-,-,-,-,-,-,-,-,-,-,-,-,-,-
Shawnee 2-10,-,-,-,-,-,-,-,-,-,-,-,-,-,-,-,-,192,46.15%,224,53.85%,-,-,-,-,-,-,-,-,-,-,-,-,-,-
Shawnee 2-11,-,-,-,-,-,-,-,-,-,-,-,-,-,-,-,-,264,43.85%,338,56.15%,-,-,-,-,-,-,-,-,-,-,-,-,-,-
Shawnee 2-12,-,-,-,-,-,-,-,-,-,-,-,-,-,-,-,-,128,59.81%,86,40.19%,-,-,-,-,-,-,-,-,-,-,-,-,-,-
Shawnee 2-13,-,-,-,-,-,-,-,-,-,-,-,-,-,-,-,-,141,43.38%,184,56.62%,-,-,-,-,-,-,-,-,-,-,-,-,-,-
Shawnee 3-01,-,-,-,-,-,-,-,-,-,-,-,-,-,-,-,-,179,30.24%,412,69.59%,-,-,-,-,-,-,-,-,-,-,-,-,-,-
Shawnee 3-02,-,-,-,-,-,-,-,-,-,-,-,-,-,-,-,-,353,32.96%,717,66.95%,-,-,-,-,-,-,-,-,-,-,-,-,-,-
Shawnee 3-03,-,-,-,-,-,-,-,-,-,-,-,-,-,-,-,-,301,35.62%,544,64.38%,-,-,-,-,-,-,-,-,-,-,-,-,-,-
Shawnee 3-04,-,-,-,-,-,-,-,-,-,-,-,-,-,-,-,-,238,31.56%,516,68.44%,-,-,-,-,-,-,-,-,-,-,-,-,-,-
Shawnee 3-05,-,-,-,-,-,-,-,-,-,-,-,-,-,-,-,-,278,29.23%,673,70.77%,-,-,-,-,-,-,-,-,-,-,-,-,-,-
Shawnee 3-06,-,-,-,-,-,-,-,-,-,-,-,-,-,-,-,-,374,41.93%,517,57.96%,-,-,-,-,-,-,-,-,-,-,-,-,-,-
Shawnee 3-07,-,-,-,-,-,-,-,-,-,-,-,-,-,-,-,-,364,35.79%,653,64.21%,-,-,-,-,-,-,-,-,-,-,-,-,-,-
Shawnee 3-08,-,-,-,-,-,-,-,-,-,-,-,-,-,-,-,-,345,35.10%,638,64.90%,-,-,-,-,-,-,-,-,-,-,-,-,-,-
Shawnee 3-09,-,-,-,-,-,-,-,-,-,-,-,-,-,-,-,-,156,28.06%,400,71.94%,-,-,-,-,-,-,-,-,-,-,-,-,-,-
Shawnee 4-01,-,-,-,-,-,-,-,-,-,-,-,-,-,-,-,-,420,40.94%,606,59.06%,-,-,-,-,-,-,-,-,-,-,-,-,-,-
Shawnee 4-02,-,-,-,-,-,-,-,-,-,-,-,-,-,-,-,-,234,40.07%,349,59.76%,-,-,-,-,-,-,-,-,-,-,-,-,-,-
Shawnee 4-03,-,-,-,-,-,-,-,-,-,-,-,-,-,-,-,-,104,40.00%,155,59.62%,-,-,-,-,-,-,-,-,-,-,-,-,-,-
Shawnee 4-04,-,-,-,-,-,-,-,-,-,-,-,-,-,-,-,-,223,60.43%,146,39.57%,-,-,-,-,-,-,-,-,-,-,-,-,-,-
Shawnee 4-05,-,-,-,-,-,-,-,-,-,-,-,-,-,-,-,-,361,44.08%,456,55.68%,-,-,-,-,-,-,-,-,-,-,-,-,-,-
Shawnee 4-06,-,-,-,-,-,-,-,-,-,-,-,-,-,-,-,-,277,40.20%,412,59.80%,-,-,-,-,-,-,-,-,-,-,-,-,-,-
Shawnee 4-07,-,-,-,-,-,-,-,-,-,-,-,-,-,-,-,-,375,36.76%,644,63.14%,-,-,-,-,-,-,-,-,-,-,-,-,-,-
Shawnee 4-08,-,-,-,-,-,-,-,-,-,-,-,-,-,-,-,-,151,41.14%,215,58.58%,-,-,-,-,-,-,-,-,-,-,-,-,-,-
Shawnee 4-09,-,-,-,-,-,-,-,-,-,-,-,-,-,-,-,-,477,39.92%,718,60.08%,-,-,-,-,-,-,-,-,-,-,-,-,-,-
Shawnee 4-10,-,-,-,-,-,-,-,-,-,-,-,-,-,-,-,-,-,-,-,-,-,-,-,-,0,-,0,-,-,-,-,-,-,-
Shawnee 4-11,-,-,-,-,-,-,-,-,-,-,-,-,-,-,-,-,304,45.92%,358,54.08%,-,-,-,-,-,-,-,-,-,-,-,-,-,-
Shawnee 4-12,-,-,-,-,-,-,-,-,-,-,-,-,-,-,-,-,0,-,0,-,-,-,-,-,-,-,-,-,-,-,-,-,-,-
Shawnee 4-13,-,-,-,-,-,-,-,-,-,-,-,-,-,-,-,-,44,44.00%,56,56.00%,-,-,-,-,-,-,-,-,-,-,-,-,-,-
Spring Hill 0-01,-,-,-,-,-,-,-,-,-,-,-,-,-,-,-,-,-,-,-,-,-,-,-,-,-,-,-,-,-,-,-,-,1059,98.60%
Spring Hill 0-02,-,-,-,-,-,-,-,-,-,-,-,-,-,-,-,-,-,-,-,-,-,-,-,-,-,-,-,-,-,-,-,-,0,-
Spring Hill 0-03,-,-,-,-,-,-,-,-,-,-,-,-,-,-,-,-,-,-,-,-,-,-,-,-,-,-,-,-,-,-,-,-,37,97.37%
Spring Hill 0-04,-,-,-,-,-,-,-,-,-,-,-,-,-,-,-,-,-,-,-,-,-,-,-,-,-,-,-,-,-,-,-,-,0,-
Spring Hill Twp 0-01,-,-,-,-,-,-,-,-,-,-,-,-,-,-,-,-,-,-,-,-,-,-,-,-,-,-,-,-,-,-,-,-,751,98.95%
Spring Hill Twp 0-02,-,-,-,-,-,-,-,-,-,-,-,-,-,-,-,-,-,-,-,-,-,-,-,-,-,-,-,-,-,-,-,-,2,100.00%
Spring Hill Twp 0-03,-,-,-,-,-,-,-,-,-,-,-,-,-,-,-,-,-,-,-,-,-,-,-,-,-,-,-,-,-,-,-,-,74,100.00%
Spring Hill Twp 0-04,-,-,-,-,-,-,-,-,-,-,-,-,-,-,-,-,-,-,-,-,-,-,-,-,-,-,-,-,-,-,-,-,14,100.00%
Spring Hill Twp 0-05,-,-,-,-,-,-,-,-,-,-,-,-,-,-,-,-,-,-,-,-,-,-,-,-,-,-,-,-,-,-,-,-,10,100.00%
Westwood 0-01,-,-,-,-,272,59.26%,185,40.31%,-,-,-,-,-,-,-,-,-,-,-,-,-,-,-,-,-,-,-,-,-,-,-,-,-,-
Westwood 0-02,-,-,-,-,240,55.81%,190,44.19%,-,-,-,-,-,-,-,-,-,-,-,-,-,-,-,-,-,-,-,-,-,-,-,-,-,-
Westwood Hills 0-01,-,-,-,-,143,58.37%,101,41.22%,-,-,-,-,-,-,-,-,-,-,-,-,-,-,-,-,-,-,-,-,-,-,-,-,-,-
Total,1654,56.11%,1288,43.69%,18334,46.86%,20738,53.00%,19484,54.26%,16398,45.67%,19346,63.80%,10957,36.13%,13886,41.73%,19371,58.22%,13985,37.22%,23565,62.72%,15441,46.80%,17527,53.12%,18859,62.88%,11098,37.00%,17774,99.00%
City Ward,,,,,,,,,,,,,,,,,,,,,,,,,,,,,,,,,,
Aubry Township,0,-,0,-,0,-,0,-,0,-,0,-,0,-,0,-,0,-,0,-,0,-,0,-,0,-,0,-,0,-,0,-,2051,99.27%
Bonner Springs Ward 4,0,-,0,-,0,-,0,-,0,-,0,-,0,-,0,-,0,-,0,-,0,-,0,-,0,-,0,-,0,-,0,-,0,-
De Soto,0,-,0,-,0,-,0,-,0,-,0,-,1530,67.70%,730,32.30%,0,-,0,-,0,-,0,-,0,-,0,-,0,-,0,-,0,-
Edgerton,0,-,0,-,0,-,0,-,0,-,0,-,0,-,0,-,0,-,0,-,0,-,0,-,0,-,0,-,0,-,0,-,547,99.27%
Fairway Ward 1,0,-,0,-,271,44.21%,342,55.79%,0,-,0,-,0,-,0,-,0,-,0,-,0,-,0,-,0,-,0,-,0,-,0,-,0,-
Fairway Ward 2,0,-,0,-,244,46.04%,285,53.77%,0,-,0,-,0,-,0,-,0,-,0,-,0,-,0,-,0,-,0,-,0,-,0,-,0,-
Fairway Ward 3,0,-,0,-,292,41.54%,409,58.18%,0,-,0,-,0,-,0,-,0,-,0,-,0,-,0,-,0,-,0,-,0,-,0,-,0,-
Fairway Ward 4,0,-,0,-,320,54.33%,268,45.50%,0,-,0,-,0,-,0,-,0,-,0,-,0,-,0,-,0,-,0,-,0,-,0,-,0,-
Gardner,0,-,0,-,0,-,0,-,0,-,0,-,1903,67.79%,903,32.17%,0,-,0,-,0,-,0,-,0,-,0,-,0,-,0,-,3466,98.83%
Gardner Township,0,-,0,-,0,-,0,-,0,-,0,-,333,66.87%,163,32.73%,0,-,0,-,0,-,0,-,0,-,0,-,0,-,0,-,397,99.75%
Lake Quivira,0,-,0,-,0,-,0,-,0,-,0,-,0,-,0,-,257,39.97%,386,60.03%,0,-,0,-,0,-,0,-,0,-,0,-,0,-
Leawood Ward 1,0,-,0,-,1234,38.90%,1934,60.97%,0,-,0,-,0,-,0,-,0,-,0,-,232,37.79%,380,61.89%,0,-,0,-,0,-,0,-,0,-
Leawood Ward 2,0,-,0,-,0,-,0,-,0,-,0,-,0,-,0,-,0,-,0,-,1611,35.82%,2884,64.13%,0,-,0,-,0,-,0,-,0,-
Leawood Ward 3,0,-,0,-,0,-,0,-,0,-,0,-,0,-,0,-,0,-,0,-,1814,34.47%,3445,65.46%,0,-,0,-,0,-,0,-,0,-
Leawood Ward 4,0,-,0,-,0,-,0,-,0,-,0,-,0,-,0,-,0,-,0,-,1836,31.29%,4027,68.63%,0,-,0,-,0,-,0,-,0,-
Lenexa Ward 1,0,-,0,-,0,-,0,-,0,-,0,-,0,-,0,-,0,-,0,-,0,-,0,-,2767,45.70%,3283,54.22%,0,-,0,-,0,-
Lenexa Ward 2,0,-,0,-,0,-,0,-,0,-,0,-,0,-,0,-,0,-,0,-,0,-,0,-,2143,35.12%,3954,64.80%,0,-,0,-,0,-
Lenexa Ward 3,0,-,0,-,0,-,0,-,0,-,0,-,0,-,0,-,0,-,0,-,0,-,0,-,3218,50.58%,3143,49.40%,0,-,0,-,0,-
Lenexa Ward 4,0,-,0,-,0,-,0,-,0,-,0,-,0,-,0,-,0,-,0,-,0,-,0,-,2756,49.13%,2846,50.73%,0,-,0,-,0,-
Lexington Township,0,-,0,-,0,-,0,-,0,-,0,-,572,74.29%,198,25.71%,0,-,0,-,0,-,0,-,0,-,0,-,0,-,0,-,0,-
McCamish Township,0,-,0,-,0,-,0,-,0,-,0,-,268,75.07%,89,24.93%,0,-,0,-,0,-,0,-,0,-,0,-,0,-,0,-,140,100.00%
Merriam Ward 1,625,56.56%,475,42.99%,0,-,0,-,0,-,0,-,0,-,0,-,0,-,0,-,0,-,0,-,0,-,0,-,0,-,0,-,0,-
Merriam Ward 2,385,53.10%,340,46.90%,0,-,0,-,0,-,0,-,0,-,0,-,217,54.94%,178,45.06%,0,-,0,-,0,-,0,-,0,-,0,-,0,-
Merriam Ward 3,0,-,0,-,0,-,0,-,0,-,0,-,0,-,0,-,652,53.84%,559,46.16%,0,-,0,-,0,-,0,-,0,-,0,-,0,-
Merriam Ward 4,227,54.83%,187,45.17%,0,-,0,-,0,-,0,-,0,-,0,-,525,48.88%,548,51.02%,0,-,0,-,0,-,0,-,0,-,0,-,0,-
Mission Hills,0,-,0,-,597,26.01%,1695,73.86%,0,-,0,-,0,-,0,-,0,-,0,-,0,-,0,-,0,-,0,-,0,-,0,-,0,-
Mission Ward 1,0,-,0,-,605,57.56%,444,42.25%,0,-,0,-,0,-,0,-,0,-,0,-,0,-,0,-,0,-,0,-,0,-,0,-,0,-
Mission Ward 2,0,-,0,-,566,59.02%,388,40.46%,0,-,0,-,0,-,0,-,0,-,0,-,0,-,0,-,0,-,0,-,0,-,0,-,0,-
Mission Ward 3,0,-,0,-,597,56.32%,461,43.49%,0,-,0,-,0,-,0,-,0,-,0,-,0,-,0,-,0,-,0,-,0,-,0,-,0,-
Mission Ward 4,0,-,0,-,680,50.15%,671,49.48%,0,-,0,-,0,-,0,-,0,-,0,-,0,-,0,-,0,-,0,-,0,-,0,-,0,-
Mission Woods,0,-,0,-,55,50.93%,53,49.07%,0,-,0,-,0,-,0,-,0,-,0,-,0,-,0,-,0,-,0,-,0,-,0,-,0,-
Olathe Township,0,-,0,-,0,-,0,-,0,-,0,-,312,63.67%,178,36.33%,0,-,0,-,0,-,0,-,0,-,0,-,48,73.85%,17,26.15%,1,100.00%
Olathe Ward 1,0,-,0,-,0,-,0,-,0,-,0,-,2772,61.03%,1767,38.90%,0,-,0,-,0,-,0,-,0,-,0,-,5061,63.43%,2915,36.53%,171,98.28%
Olathe Ward 2,0,-,0,-,0,-,0,-,0,-,0,-,6895,65.80%,3578,34.14%,0,-,0,-,0,-,0,-,0,-,0,-,1834,56.27%,1422,43.63%,0,-
Olathe Ward 3,0,-,0,-,0,-,0,-,0,-,0,-,0,-,0,-,0,-,0,-,0,-,0,-,0,-,0,-,10132,64.99%,5437,34.87%,650,98.78%
Olathe Ward 4,0,-,0,-,0,-,0,-,0,-,0,-,4761,58.62%,3351,41.26%,0,-,0,-,0,-,0,-,0,-,0,-,1784,57.59%,1307,42.19%,0,-
Overland Park Ward 1,417,59.23%,286,40.63%,2532,52.07%,2327,47.85%,0,-,0,-,0,-,0,-,221,45.29%,267,54.71%,0,-,0,-,3301,53.05%,2914,46.83%,0,-,0,-,0,-
Overland Park Ward 2,0,-,0,-,2210,47.02%,2483,52.83%,2721,48.89%,2838,50.99%,0,-,0,-,0,-,0,-,1064,48.61%,1123,51.30%,1256,47.47%,1387,52.42%,0,-,0,-,0,-
Overland Park Ward 3,0,-,0,-,0,-,0,-,6874,51.42%,6484,48.50%,0,-,0,-,0,-,0,-,740,48.52%,783,51.34%,0,-,0,-,0,-,0,-,0,-
Overland Park Ward 4,0,-,0,-,0,-,0,-,7068,60.88%,4536,39.07%,0,-,0,-,0,-,0,-,350,32.11%,740,67.89%,0,-,0,-,0,-,0,-,1301,99.09%
Overland Park Ward 5,0,-,0,-,0,-,0,-,2821,52.58%,2540,47.34%,0,-,0,-,0,-,0,-,3372,41.13%,4823,58.83%,0,-,0,-,0,-,0,-,0,-
Overland Park Ward 6,0,-,0,-,0,-,0,-,0,-,0,-,0,-,0,-,0,-,0,-,2794,35.87%,4992,64.09%,0,-,0,-,0,-,0,-,6528,98.97%
Oxford Township,0,-,0,-,0,-,0,-,0,-,0,-,0,-,0,-,0,-,0,-,172,31.85%,368,68.15%,0,-,0,-,0,-,0,-,575,99.48%
Prairie Village Ward 1,0,-,0,-,1064,44.26%,1339,55.70%,0,-,0,-,0,-,0,-,0,-,0,-,0,-,0,-,0,-,0,-,0,-,0,-,0,-
Prairie Village Ward 2,0,-,0,-,875,47.92%,950,52.03%,0,-,0,-,0,-,0,-,0,-,0,-,0,-,0,-,0,-,0,-,0,-,0,-,0,-
Prairie Village Ward 3,0,-,0,-,925,45.97%,1083,53.83%,0,-,0,-,0,-,0,-,0,-,0,-,0,-,0,-,0,-,0,-,0,-,0,-,0,-
Prairie Village Ward 4,0,-,0,-,799,37.21%,1348,62.79%,0,-,0,-,0,-,0,-,0,-,0,-,0,-,0,-,0,-,0,-,0,-,0,-,0,-
Prairie Village Ward 5,0,-,0,-,774,34.65%,1458,65.26%,0,-,0,-,0,-,0,-,0,-,0,-,0,-,0,-,0,-,0,-,0,-,0,-,0,-
Prairie Village Ward 6,0,-,0,-,908,46.61%,1039,53.34%,0,-,0,-,0,-,0,-,0,-,0,-,0,-,0,-,0,-,0,-,0,-,0,-,0,-
Roeland Park Ward 1,0,-,0,-,415,66.51%,207,33.17%,0,-,0,-,0,-,0,-,0,-,0,-,0,-,0,-,0,-,0,-,0,-,0,-,0,-
Roeland Park Ward 2,0,-,0,-,540,61.50%,336,38.27%,0,-,0,-,0,-,0,-,0,-,0,-,0,-,0,-,0,-,0,-,0,-,0,-,0,-
Roeland Park Ward 3,0,-,0,-,564,62.81%,333,37.08%,0,-,0,-,0,-,0,-,0,-,0,-,0,-,0,-,0,-,0,-,0,-,0,-,0,-
Roeland Park Ward 4,0,-,0,-,612,59.71%,409,39.90%,0,-,0,-,0,-,0,-,0,-,0,-,0,-,0,-,0,-,0,-,0,-,0,-,0,-
Shawnee Ward 1,0,-,0,-,0,-,0,-,0,-,0,-,0,-,0,-,3295,41.34%,4673,58.63%,0,-,0,-,0,-,0,-,0,-,0,-,0,-
Shawnee Ward 2,0,-,0,-,0,-,0,-,0,-,0,-,0,-,0,-,3161,46.91%,3575,53.05%,0,-,0,-,0,-,0,-,0,-,0,-,0,-
Shawnee Ward 3,0,-,0,-,0,-,0,-,0,-,0,-,0,-,0,-,2588,33.78%,5070,66.18%,0,-,0,-,0,-,0,-,0,-,0,-,0,-
Shawnee Ward 4,0,-,0,-,0,-,0,-,0,-,0,-,0,-,0,-,2970,41.88%,4115,58.03%,0,-,0,-,0,-,0,-,0,-,0,-,0,-
Spring Hill,0,-,0,-,0,-,0,-,0,-,0,-,0,-,0,-,0,-,0,-,0,-,0,-,0,-,0,-,0,-,0,-,1096,98.56%
Spring Hill Township,0,-,0,-,0,-,0,-,0,-,0,-,0,-,0,-,0,-,0,-,0,-,0,-,0,-,0,-,0,-,0,-,851,99.07%
Westwood,0,-,0,-,512,57.59%,375,42.18%,0,-,0,-,0,-,0,-,0,-,0,-,0,-,0,-,0,-,0,-,0,-,0,-,0,-
Westwood Hills,0,-,0,-,143,58.37%,101,41.22%,0,-,0,-,0,-,0,-,0,-,0,-,0,-,0,-,0,-,0,-,0,-,0,-,0,-
Total,1654,56.11%,1288,43.69%,18334,46.86%,20738,53.00%,19484,54.26%,16398,45.67%,19346,63.80%,10957,36.13%,13886,41.73%,19371,58.22%,13985,37.22%,23565,62.72%,15441,46.80%,17527,53.12%,18859,62.88%,11098,37.00%,17774,99.00%
Municipality,,,,,,,,,,,,,,,,,,,,,,,,,,,,,,,,,,
Bonner Springs,0,-,0,-,0,-,0,-,0,-,0,-,0,-,0,-,0,-,0,-,0,-,0,-,0,-,0,-,0,-,0,-,0,-
De Soto,0,-,0,-,0,-,0,-,0,-,0,-,1530,67.70%,730,32.30%,0,-,0,-,0,-,0,-,0,-,0,-,0,-,0,-,0,-
Edgerton,0,-,0,-,0,-,0,-,0,-,0,-,0,-,0,-,0,-,0,-,0,-,0,-,0,-,0,-,0,-,0,-,547,99.27%
Fairway,0,-,0,-,1127,46.28%,1304,53.55%,0,-,0,-,0,-,0,-,0,-,0,-,0,-,0,-,0,-,0,-,0,-,0,-,0,-
Gardner,0,-,0,-,0,-,0,-,0,-,0,-,1903,67.79%,903,32.17%,0,-,0,-,0,-,0,-,0,-,0,-,0,-,0,-,3466,98.83%
Lake Quivira,0,-,0,-,0,-,0,-,0,-,0,-,0,-,0,-,257,39.97%,386,60.03%,0,-,0,-,0,-,0,-,0,-,0,-,0,-
Leawood,0,-,0,-,1234,38.90%,1934,60.97%,0,-,0,-,0,-,0,-,0,-,0,-,5493,33.82%,10736,66.10%,0,-,0,-,0,-,0,-,0,-
Lenexa,0,-,0,-,0,-,0,-,0,-,0,-,0,-,0,-,0,-,0,-,0,-,0,-,10884,45.11%,13226,54.81%,0,-,0,-,0,-
Merriam,1237,55.12%,1002,44.65%,0,-,0,-,0,-,0,-,0,-,0,-,1394,52.01%,1285,47.95%,0,-,0,-,0,-,0,-,0,-,0,-,0,-
Mission,0,-,0,-,2448,55.31%,1964,44.37%,0,-,0,-,0,-,0,-,0,-,0,-,0,-,0,-,0,-,0,-,0,-,0,-,0,-
Mission Hills,0,-,0,-,597,26.01%,1695,73.86%,0,-,0,-,0,-,0,-,0,-,0,-,0,-,0,-,0,-,0,-,0,-,0,-,0,-
Mission Woods,0,-,0,-,55,50.93%,53,49.07%,0,-,0,-,0,-,0,-,0,-,0,-,0,-,0,-,0,-,0,-,0,-,0,-,0,-
Olathe,0,-,0,-,0,-,0,-,0,-,0,-,14428,62.34%,8696,37.58%,0,-,0,-,0,-,0,-,0,-,0,-,18811,62.86%,11081,37.03%,821,98.68%
Overland Park,417,59.23%,286,40.63%,4742,49.59%,4810,50.30%,19484,54.26%,16398,45.67%,0,-,0,-,221,45.29%,267,54.71%,8320,40.02%,12461,59.93%,4557,51.39%,4301,48.50%,0,-,0,-,7829,98.99%
Prairie Village,0,-,0,-,5345,42.52%,7217,57.41%,0,-,0,-,0,-,0,-,0,-,0,-,0,-,0,-,0,-,0,-,0,-,0,-,0,-
Roeland Park,0,-,0,-,2131,62.22%,1285,37.52%,0,-,0,-,0,-,0,-,0,-,0,-,0,-,0,-,0,-,0,-,0,-,0,-,0,-
Shawnee,0,-,0,-,0,-,0,-,0,-,0,-,0,-,0,-,12014,40.78%,17433,59.17%,0,-,0,-,0,-,0,-,0,-,0,-,0,-
Spring Hill,0,-,0,-,0,-,0,-,0,-,0,-,0,-,0,-,0,-,0,-,0,-,0,-,0,-,0,-,0,-,0,-,1096,98.56%
Westwood,0,-,0,-,512,57.59%,375,42.18%,0,-,0,-,0,-,0,-,0,-,0,-,0,-,0,-,0,-,0,-,0,-,0,-,0,-
Westwood Hills,0,-,0,-,143,58.37%,101,41.22%,0,-,0,-,0,-,0,-,0,-,0,-,0,-,0,-,0,-,0,-,0,-,0,-,0,-
No Matching District,0,-,0,-,0,-,0,-,0,-,0,-,1485,70.21%,628,29.69%,0,-,0,-,172,31.85%,368,68.15%,0,-,0,-,48,73.85%,17,26.15%,4015,99.33%
Total,1654,56.11%,1288,43.69%,18334,46.86%,20738,53.00%,19484,54.26%,16398,45.67%,19346,63.80%,10957,36.13%,13886,41.73%,19371,58.22%,13985,37.22%,23565,62.72%,15441,46.80%,17527,53.12%,18859,62.88%,11098,37.00%,17774,99.00%
,,,,,,,,,,,,,,,,,,,,,,,,,,,,,,,,,,
,,,,,,,,,,,,,,,,,,,,,,,,,,,,,,,,,,