COUNTY NUMBER,PRECINCT CODE,PRECINCT NAME,REGISTERED VOTERS TOTAL,BALLOTS CAST TOTAL,BALLOTS CAST BLANK,For Unified Government Commissioner At-Large District 1,For Unified Government Commissioner At-Large District 1,For Unified Government Commissioner At-Large District 1,For Unified Government Commissioner At-Large District 1,For Unified Government Commissioner At-Large District 1,For Unified Government Commissioner District 2,For Unified Government Commissioner District 2,For Unified Government Commissioner District 2,For Unified Government Commissioner District 2,For Unified Government Commissioner District 2,For Unified Government Commissioner District 3,For Unified Government Commissioner District 3,For Unified Government Commissioner District 3,For Unified Government Commissioner District 3,For Unified Government Commissioner District 3,For Unified Government Commissioner District 4,For Unified Government Commissioner District 4,For Unified Government Commissioner District 4,For Unified Government Commissioner District 4,For Unified Government Commissioner District 4,For Unified Government Commissioner District 6,For Unified Government Commissioner District 6,For Unified Government Commissioner District 6,For Unified Government Commissioner District 6,For Unified Government Commissioner District 6,For Register of Deeds,For Register of Deeds,For Register of Deeds,For Register of Deeds,For Register of Deeds,For Board of Public Utilities At-Large Position 3,For Board of Public Utilities At-Large Position 3,For Board of Public Utilities At-Large Position 3,For Board of Public Utilities At-Large Position 3,For Board of Public Utilities At-Large Position 3,For Board of Public Utilities District 1,For Board of Public Utilities District 1,For Board of Public Utilities District 1,For Board of Public Utilities District 1,For Board of Public Utilities District 1,For Board of Public Utilities District 3,For Board of Public Utilities District 3,For Board of Public Utilities District 3,For Board of Public Utilities District 3,For Board of Public Utilities District 3,For Kansas City Kansas Community College Board of Trustee Members,For Kansas City Kansas Community College Board of Trustee Members,For Kansas City Kansas Community College Board of Trustee Members,For Kansas City Kansas Community College Board of Trustee Members,For Kansas City Kansas Community College Board of Trustee Members,For Kansas City Kansas Community College Board of Trustee Members,For Kansas City Kansas Community College Board of Trustee Members,For Kansas City Kansas Community College Board of Trustee Members,For Kansas City Kansas Community College Board of Trustee Members,For Kansas City Kansas Community College Board of Trustee Members,For Kansas City Kansas Community College Board of Trustee Members,For Kansas City Kansas Community College Board of Trustee Members,For Kansas City Kansas Community College Board of Trustee Members,For Kansas City Kansas Community College Board of Trustee Members,For Unified School District No. 202 Board Members,For Unified School District No. 202 Board Members,For Unified School District No. 202 Board Members,For Unified School District No. 202 Board Members,For Unified School District No. 202 Board Members,For Unified School District No. 202 Board Members,For Unified School District No. 202 Board Members,For Unified School District No. 202 Board Members,For Unified School District No. 203 Board Members,For Unified School District No. 203 Board Members,For Unified School District No. 203 Board Members,For Unified School District No. 203 Board Members,For Unified School District No. 203 Board Members,For Unified School District No. 203 Board Members,For Unified School District No. 203 Board Members,For Unified School District No. 203 Board Members,For Unified School District No. 203 Board Members,For Unified School District No. 203 Board Members,For Unified School District No. 203 Board Members,For Unified School District No. 203 Board Members,For Unified School District No. 204 Board Members,For Unified School District No. 204 Board Members,For Unified School District No. 204 Board Members,For Unified School District No. 204 Board Members,For Unified School District No. 204 Board Members,For Unified School District No. 204 Board Members,For Unified School District No. 204 Board Members,For Unified School District No. 204 Board Members,For Unified School District No. 204 Board Members,For Unified School District No. 500 Board Members,For Unified School District No. 500 Board Members,For Unified School District No. 500 Board Members,For Unified School District No. 500 Board Members,For Unified School District No. 500 Board Members,For Unified School District No. 500 Board Members,For Unified School District No. 500 Board Members,For Unified School District No. 500 Board Members,For Unified School District No. 500 Board Members,For Unified School District No. 500 Board Members,For Unified School District No. 500 Board Members,For Unified School District No. 500 Board Members,For Unified School District No. 500 Board Members,For Unified School District No. 500 Board Members,For Unified School District No. 204 Board Members (Unexpired Term),For Unified School District No. 204 Board Members (Unexpired Term),For Unified School District No. 204 Board Members (Unexpired Term),For Unified School District No. 204 Board Members (Unexpired Term),For Bonner Springs Mayor,For Bonner Springs Mayor,For Bonner Springs Mayor,For Bonner Springs Mayor,For Bonner Springs Mayor,For Bonner Springs City Council Ward 1,For Bonner Springs City Council Ward 1,For Bonner Springs City Council Ward 1,For Bonner Springs City Council Ward 1,For Bonner Springs City Council Ward 2,For Bonner Springs City Council Ward 2,For Bonner Springs City Council Ward 2,For Bonner Springs City Council Ward 2,For Bonner Springs City Council Ward 2,For Bonner Springs City Council Ward 2,For Bonner Springs City Council Ward 3,For Bonner Springs City Council Ward 3,For Bonner Springs City Council Ward 3,For Bonner Springs City Council Ward 3,For Bonner Springs City Council Ward 4,For Bonner Springs City Council Ward 4,For Bonner Springs City Council Ward 4,For Bonner Springs City Council Ward 4,For Edwardsville City Council,For Edwardsville City Council,For Edwardsville City Council,For Edwardsville City Council,For Edwardsville City Council,For Edwardsville City Council,For Edwardsville City Council,For Edwardsville City Council,For Lake Quivira Mayor,For Lake Quivira Mayor,For Lake Quivira Mayor,For Lake Quivira Mayor,For Lake Quivira Council At-Large,For Lake Quivira Council At-Large,For Lake Quivira Council At-Large,For Lake Quivira Council At-Large,For Water District No. 1 Board Member Position 1,For Water District No. 1 Board Member Position 1,For Water District No. 1 Board Member Position 1,For Water District No. 1 Board Member Position 1,For Water District No. 1 Board Member Position 1,For Water District No. 1 Board Member Position 1,For Water District No. 1 Board Member Position 2,For Water District No. 1 Board Member Position 2,For Water District No. 1 Board Member Position 2,For Water District No. 1 Board Member Position 2,For Water District No. 1 Board Member Position 2,For Water District No. 1 Board Member Position 6,For Water District No. 1 Board Member Position 6,For Water District No. 1 Board Member Position 6,For Water District No. 1 Board Member Position 6,For Water District No. 1 Board Member Position 6,For Water District No. 1 Board Member Position 7,For Water District No. 1 Board Member Position 7,For Water District No. 1 Board Member Position 7,For Water District No. 1 Board Member Position 7,For Water District No. 1 Board Member Position 7,Edwardsville Sales Tax Question,Edwardsville Sales Tax Question,Edwardsville Sales Tax Question,Edwardsville Sales Tax Question
,,,,,,NON,NON,NON,NON,NON,NON,NON,NON,NON,NON,NON,NON,NON,NON,NON,NON,NON,NON,NON,NON,NON,NON,NON,NON,NON,NON,NON,NON,NON,NON,NON,NON,NON,NON,NON,NON,NON,NON,NON,NON,NON,NON,NON,NON,NON,NON,NON,NON,NON,NON,NON,NON,NON,NON,NON,NON,NON,NON,NON,NON,NON,NON,NON,NON,NON,NON,NON,NON,NON,NON,NON,NON,NON,NON,NON,NON,NON,NON,NON,NON,NON,NON,NON,NON,NON,NON,NON,NON,NON,NON,NON,NON,NON,NON,NON,NON,NON,NON,NON,NON,NON,NON,NON,NON,NON,NON,NON,NON,NON,NON,NON,NON,NON,NON,NON,NON,NON,NON,NON,NON,NON,NON,NON,NON,NON,NON,NON,NON,NON,NON,NON,NON,NON,NON,NON,NON,NON,NON,NON,NON,NON,NON,NON,NON,NON,NON,NON,NON,NON,NON,NON,NON,NON,NON,NON,NON,NON,NON,NON,NON,NON,NON,NON,NON,NON,NON,NON,NON,NON,NON
,,,VOTERS,BALLOTS CAST,BALLOTS CAST,Melissa Brune Bynum,Ricky Smith,Write-in,OVER VOTES,UNDER VOTES,Bill Burns,Anna Cole,Write-in,OVER VOTES,UNDER VOTES,Tina M. Medina,Christian A. Ramirez,Write-in,OVER VOTES,UNDER VOTES,Evelyn Hill,Tarence Maddox,Write-in,OVER VOTES,UNDER VOTES,Philip Lopez,Steve Neal,Write-in,OVER VOTES,UNDER VOTES,Madella S. Henderson,Susie Werner Nelson,Write-in,OVER VOTES,UNDER VOTES,Rose Mulvany Henry,CeCe Harlin,Write-in,OVER VOTES,UNDER VOTES,Alex Sanchez,"Stevie A. Wakes, Sr.",Write-in,OVER VOTES,UNDER VOTES,Jeffrey A. Bryant,Brett Parker,Write-in,OVER VOTES,UNDER VOTES,Brenda Scruggs Andrieu,Donald Ash,Kevin Braun,Dachia T. Busch,Joe Caiharr,Mark Gilstrap,Dennis Grindel,Jammie A. Johnson,Nina Kimbrough,Mary Ann Mosley,Mary T. Ricketts,Write-in,OVER VOTES,UNDER VOTES,Becky Billigmeier,Aaron Coleman,Bryan Fishbaugh,Daniel Soptic,Theresa Tillery,Write-in,OVER VOTES,UNDER VOTES,Jami Applegate,Allison Armstrong,Larry K. Beashore,Ashley Biondi,Kevin Braun,Kim Brown,Mark Gilstrap,CaShanda McConnell,Jeb Vader,Write-in,OVER VOTES,UNDER VOTES,Jennifer L. McConico,David J. Pierce,Ashley Razak,Christopher Russell,Tracy Schinzel,Angie (Saving) Thomas,Write-in,OVER VOTES,UNDER VOTES,Brenda Scruggs Andrieu,Yolanda S. Clark,Angelynn Howell,Janey Marie Humphries,Yolonda Johnson,Randy Lopez,Robert L. Milan Jr.,Mary Ann Mosley,Deon Whitten,Valdenia C. Winn,Stacy Yeager,Write-in,OVER VOTES,UNDER VOTES,Ashley Razak,Write-in,OVER VOTES,UNDER VOTES,J. Michael Tiner-Mackey,Tom Stephens,Write-in,OVER VOTES,UNDER VOTES,Mark McMahan,Write-in,OVER VOTES,UNDER VOTES,Emily Blanks,Dani Gurley,Milton Watters,Write-in,OVER VOTES,UNDER VOTES,Robert W. Reeves,Write-in,OVER VOTES,UNDER VOTES,Mark Kipp,Write-in,OVER VOTES,UNDER VOTES,Camila Adcox,Garrett Mellott,Michael Moulin,Greg L. Scott,Mike Wheeler,Write-in,OVER VOTES,UNDER VOTES,Brady Lilja,Write-in,OVER VOTES,UNDER VOTES,Chip Zimmer,Write-in,OVER VOTES,UNDER VOTES,"Gerald ""Jerry"" Cook",Melanie S. Kraft,Thomas V. Fennesy,Write-in,OVER VOTES,UNDER VOTES,Brian Glynn,Ullyses Wright,Write-in,OVER VOTES,UNDER VOTES,Jim McNair,Whitney Wilson,Write-in,OVER VOTES,UNDER VOTES,Renee Dinsmore,Mark Parkins,Write-in,OVER VOTES,UNDER VOTES,Yes,No,OVER VOTES,UNDER VOTES
,0001,BS01-01,1207,222,0,137,53,4,0,28,0,0,0,0,0,0,0,0,0,0,0,0,0,0,0,0,0,0,0,0,47,128,2,0,45,0,0,0,0,0,0,0,0,0,0,0,0,0,0,0,58,80,65,25,52,84,39,35,89,56,36,1,8,260,0,0,0,0,0,0,0,0,0,0,0,0,0,0,0,0,0,0,0,0,120,127,93,92,86,102,1,4,263,0,0,0,0,0,0,0,0,0,0,0,0,0,0,147,7,0,68,39,171,2,0,10,177,4,0,41,0,0,0,0,0,0,0,0,0,0,0,0,0,0,0,0,0,0,0,0,0,0,0,0,0,0,0,0,0,0,0,0,0,0,0,0,0,0,0,0,0,0,0,0,0,0,0,0,0,0,0,0,0,0,0
,0002,BS02-01,1019,195,0,106,40,8,0,41,0,0,0,0,0,0,0,0,0,0,0,0,0,0,0,0,0,0,0,0,36,111,1,0,47,0,0,0,0,0,0,0,0,0,0,0,0,0,0,0,48,65,59,24,54,85,26,28,66,50,26,0,0,249,0,0,0,0,0,0,0,0,0,0,0,0,0,0,0,0,0,0,0,0,109,104,71,86,72,88,1,0,249,0,0,0,0,0,0,0,0,0,0,0,0,0,0,115,2,0,78,34,150,2,0,9,0,0,0,0,78,71,28,2,0,16,0,0,0,0,0,0,0,0,0,0,0,0,0,0,0,0,0,0,0,0,0,0,0,0,0,0,0,0,0,0,0,0,0,0,0,0,0,0,0,0,0,0,0,0,0,0,0,0,0
,0003,BS03-01,1291,215,1,131,49,3,0,32,0,0,0,0,0,0,0,0,0,0,0,0,0,0,0,0,0,0,0,0,49,119,1,0,46,0,0,0,0,0,0,0,0,0,0,0,0,0,0,0,69,86,53,31,56,84,36,42,70,54,28,1,8,242,0,0,0,0,0,0,0,0,0,0,0,0,0,0,0,0,0,0,0,0,121,126,101,87,88,86,0,0,251,0,0,0,0,0,0,0,0,0,0,0,0,0,0,154,2,0,59,28,171,2,0,14,0,0,0,0,0,0,0,0,0,0,172,7,0,36,0,0,0,0,0,0,0,0,0,0,0,0,0,0,0,0,0,0,0,0,0,0,0,0,0,0,0,0,0,0,0,0,0,0,0,0,0,0,0,0,0,0,0,0,0
,0004,BS04-01,1609,328,0,203,73,11,0,41,0,0,0,0,0,0,0,0,0,0,0,0,0,0,0,0,0,0,0,0,58,196,3,0,71,0,0,0,0,0,0,0,0,0,0,0,0,0,0,0,88,133,79,62,76,108,48,73,96,77,54,3,20,395,0,0,0,0,0,0,0,0,0,0,0,0,0,0,0,0,0,0,0,0,136,160,132,142,136,152,1,0,453,0,0,0,0,0,0,0,0,0,0,0,0,0,0,209,2,0,117,46,255,8,0,19,0,0,0,0,0,0,0,0,0,0,0,0,0,0,267,14,0,47,0,0,0,0,0,0,0,0,0,0,0,0,0,0,0,0,0,0,0,0,0,0,0,0,0,0,0,0,0,0,0,0,0,0,0,0,0,0,0,0,0
,0005,DW01-01,32,3,0,Redacted,Redacted,Redacted,Redacted,Redacted,Redacted,Redacted,Redacted,Redacted,Redacted,Redacted,Redacted,Redacted,Redacted,Redacted,Redacted,Redacted,Redacted,Redacted,Redacted,Redacted,Redacted,Redacted,Redacted,Redacted,Redacted,Redacted,Redacted,Redacted,Redacted,Redacted,Redacted,Redacted,Redacted,Redacted,Redacted,Redacted,Redacted,Redacted,Redacted,Redacted,Redacted,Redacted,Redacted,Redacted,Redacted,Redacted,Redacted,Redacted,Redacted,Redacted,Redacted,Redacted,Redacted,Redacted,Redacted,Redacted,Redacted,Redacted,Redacted,Redacted,Redacted,Redacted,Redacted,Redacted,Redacted,Redacted,Redacted,Redacted,Redacted,Redacted,Redacted,Redacted,Redacted,Redacted,Redacted,Redacted,Redacted,Redacted,Redacted,Redacted,Redacted,Redacted,Redacted,Redacted,Redacted,Redacted,Redacted,Redacted,Redacted,Redacted,Redacted,Redacted,Redacted,Redacted,Redacted,Redacted,Redacted,Redacted,Redacted,Redacted,Redacted,Redacted,Redacted,Redacted,Redacted,Redacted,Redacted,Redacted,Redacted,Redacted,Redacted,Redacted,Redacted,Redacted,Redacted,Redacted,Redacted,Redacted,Redacted,Redacted,Redacted,Redacted,Redacted,Redacted,Redacted,Redacted,Redacted,Redacted,Redacted,Redacted,Redacted,Redacted,Redacted,Redacted,Redacted,Redacted,Redacted,Redacted,Redacted,Redacted,Redacted,Redacted,Redacted,Redacted,Redacted,Redacted,Redacted,Redacted,Redacted,Redacted,Redacted,Redacted,Redacted,Redacted,Redacted,Redacted,Redacted,Redacted,Redacted,Redacted,Redacted,Redacted,Redacted,Redacted,Redacted,Redacted,Redacted,Redacted,Redacted
,0006,ED01-01,2530,446,0,224,126,9,0,87,0,0,0,0,0,0,0,0,0,0,0,0,0,0,0,0,0,0,0,0,82,240,6,0,118,0,0,0,0,0,0,0,0,0,0,0,0,0,0,0,111,150,93,35,232,114,81,66,94,91,47,5,8,657,0,0,0,0,0,0,0,0,0,0,0,0,0,0,0,0,0,0,0,0,143,179,146,165,110,149,4,0,888,0,0,0,0,0,0,0,0,0,0,0,0,0,0,251,5,0,190,0,0,0,0,0,0,0,0,0,0,0,0,0,0,0,0,0,0,0,0,0,0,0,291,166,237,149,111,5,0,379,0,0,0,0,0,0,0,0,0,0,0,0,0,0,0,0,0,0,0,0,0,0,0,0,0,0,0,0,0,311,106,0,29
,0007,ED02-01,394,63,0,39,16,0,0,8,0,0,0,0,0,0,0,0,0,0,0,0,0,0,0,0,0,0,0,0,18,29,1,0,15,0,0,0,0,0,0,0,0,0,0,0,0,0,0,0,20,25,11,8,35,22,14,15,18,13,9,0,0,62,0,0,0,0,0,0,0,0,0,0,0,0,0,0,0,0,0,0,0,0,32,22,20,19,18,27,3,0,111,0,0,0,0,0,0,0,0,0,0,0,0,0,0,35,1,0,27,0,0,0,0,0,0,0,0,0,0,0,0,0,0,0,0,0,0,0,0,0,0,0,34,29,28,24,22,1,0,51,0,0,0,0,0,0,0,0,0,0,0,0,0,0,0,0,0,0,0,0,0,0,0,0,0,0,0,0,0,33,21,0,9
,0008,ED02-02,9,4,0,Redacted,Redacted,Redacted,Redacted,Redacted,Redacted,Redacted,Redacted,Redacted,Redacted,Redacted,Redacted,Redacted,Redacted,Redacted,Redacted,Redacted,Redacted,Redacted,Redacted,Redacted,Redacted,Redacted,Redacted,Redacted,Redacted,Redacted,Redacted,Redacted,Redacted,Redacted,Redacted,Redacted,Redacted,Redacted,Redacted,Redacted,Redacted,Redacted,Redacted,Redacted,Redacted,Redacted,Redacted,Redacted,Redacted,Redacted,Redacted,Redacted,Redacted,Redacted,Redacted,Redacted,Redacted,Redacted,Redacted,Redacted,Redacted,Redacted,Redacted,Redacted,Redacted,Redacted,Redacted,Redacted,Redacted,Redacted,Redacted,Redacted,Redacted,Redacted,Redacted,Redacted,Redacted,Redacted,Redacted,Redacted,Redacted,Redacted,Redacted,Redacted,Redacted,Redacted,Redacted,Redacted,Redacted,Redacted,Redacted,Redacted,Redacted,Redacted,Redacted,Redacted,Redacted,Redacted,Redacted,Redacted,Redacted,Redacted,Redacted,Redacted,Redacted,Redacted,Redacted,Redacted,Redacted,Redacted,Redacted,Redacted,Redacted,Redacted,Redacted,Redacted,Redacted,Redacted,Redacted,Redacted,Redacted,Redacted,Redacted,Redacted,Redacted,Redacted,Redacted,Redacted,Redacted,Redacted,Redacted,Redacted,Redacted,Redacted,Redacted,Redacted,Redacted,Redacted,Redacted,Redacted,Redacted,Redacted,Redacted,Redacted,Redacted,Redacted,Redacted,Redacted,Redacted,Redacted,Redacted,Redacted,Redacted,Redacted,Redacted,Redacted,Redacted,Redacted,Redacted,Redacted,Redacted,Redacted,Redacted,Redacted,Redacted,Redacted,Redacted,Redacted,Redacted,Redacted,Redacted,Redacted,Redacted
,0009,KC01-01,327,30,0,20,9,0,0,1,0,0,0,0,0,0,0,0,0,0,0,0,0,0,0,0,0,0,0,0,22,7,0,0,1,19,10,0,0,1,9,21,0,0,0,0,0,0,0,0,12,11,6,10,4,10,3,10,7,15,4,0,0,28,0,0,0,0,0,0,0,0,0,0,0,0,0,0,0,0,0,0,0,0,0,0,0,0,0,0,0,0,0,6,12,7,6,12,7,10,12,5,7,11,0,0,25,0,0,0,0,0,0,0,0,0,0,0,0,0,0,0,0,0,0,0,0,0,0,0,0,0,0,0,0,0,0,0,0,0,0,0,0,0,0,0,0,0,0,0,0,0,0,0,0,0,0,0,0,0,0,0,0,0,0,0,0,0,0,0,0,0,0,0,0
,0010,KC01-02,352,48,0,23,19,0,0,6,0,0,0,0,0,0,0,0,0,0,23,23,0,0,2,0,0,0,0,0,29,13,0,0,6,14,28,0,0,6,9,33,0,0,6,0,0,0,0,0,17,10,5,12,2,14,3,14,20,12,8,1,0,74,0,0,0,0,0,0,0,0,0,0,0,0,0,0,0,0,0,0,0,0,0,0,0,0,0,0,0,0,0,6,18,15,4,12,13,23,10,9,22,10,0,0,50,0,0,0,0,0,0,0,0,0,0,0,0,0,0,0,0,0,0,0,0,0,0,0,0,0,0,0,0,0,0,0,0,0,0,0,0,0,0,0,0,0,0,0,0,0,0,0,0,0,0,0,0,0,0,0,0,0,0,0,0,0,0,0,0,0,0,0,0
,0011,KC01-03,235,73,0,53,14,0,0,6,24,47,0,0,2,0,0,0,0,0,0,0,0,0,0,0,0,0,0,0,23,43,1,0,6,45,22,1,0,5,0,0,0,0,0,22,40,2,0,9,14,30,16,21,6,21,10,17,14,19,22,4,0,98,0,0,0,0,0,0,0,0,0,0,0,0,0,0,0,0,0,0,0,0,0,0,0,0,0,0,0,0,0,14,21,10,29,15,42,12,9,12,13,20,5,0,90,0,0,0,0,0,0,0,0,0,0,0,0,0,0,0,0,0,0,0,0,0,0,0,0,0,0,0,0,0,0,0,0,0,0,0,0,0,0,0,0,0,0,0,0,0,0,0,0,0,0,0,0,0,0,0,0,0,0,0,0,0,0,0,0,0,0,0,0
,0012,KC01-04,0,0,0,0,0,0,0,0,0,0,0,0,0,0,0,0,0,0,0,0,0,0,0,0,0,0,0,0,0,0,0,0,0,0,0,0,0,0,0,0,0,0,0,0,0,0,0,0,0,0,0,0,0,0,0,0,0,0,0,0,0,0,0,0,0,0,0,0,0,0,0,0,0,0,0,0,0,0,0,0,0,0,0,0,0,0,0,0,0,0,0,0,0,0,0,0,0,0,0,0,0,0,0,0,0,0,0,0,0,0,0,0,0,0,0,0,0,0,0,0,0,0,0,0,0,0,0,0,0,0,0,0,0,0,0,0,0,0,0,0,0,0,0,0,0,0,0,0,0,0,0,0,0,0,0,0,0,0,0,0,0,0,0,0,0,0,0,0,0,0,0,0,0
,0013,KC01-05,0,0,0,0,0,0,0,0,0,0,0,0,0,0,0,0,0,0,0,0,0,0,0,0,0,0,0,0,0,0,0,0,0,0,0,0,0,0,0,0,0,0,0,0,0,0,0,0,0,0,0,0,0,0,0,0,0,0,0,0,0,0,0,0,0,0,0,0,0,0,0,0,0,0,0,0,0,0,0,0,0,0,0,0,0,0,0,0,0,0,0,0,0,0,0,0,0,0,0,0,0,0,0,0,0,0,0,0,0,0,0,0,0,0,0,0,0,0,0,0,0,0,0,0,0,0,0,0,0,0,0,0,0,0,0,0,0,0,0,0,0,0,0,0,0,0,0,0,0,0,0,0,0,0,0,0,0,0,0,0,0,0,0,0,0,0,0,0,0,0,0,0,0
,0014,KC02-01,470,82,0,49,29,1,0,3,0,0,0,0,0,0,0,0,0,0,0,0,0,0,0,0,0,0,0,0,47,26,1,0,8,37,36,1,1,7,33,38,1,0,10,0,0,0,0,0,30,20,17,18,6,17,10,24,25,32,20,4,0,105,0,0,0,0,0,0,0,0,0,0,0,0,0,0,0,0,0,0,0,0,0,0,0,0,0,0,0,0,0,23,23,24,18,22,34,33,10,10,22,25,1,0,83,0,0,0,0,0,0,0,0,0,0,0,0,0,0,0,0,0,0,0,0,0,0,0,0,0,0,0,0,0,0,0,0,0,0,0,0,0,0,0,0,0,0,0,0,0,0,0,0,0,0,0,0,0,0,0,0,0,0,0,0,0,0,0,0,0,0,0,0
,0015,KC02-02,357,56,0,27,24,1,0,4,0,0,0,0,0,0,0,0,0,0,0,0,0,0,0,0,0,0,0,0,31,20,0,0,5,25,28,0,0,3,15,39,0,0,2,0,0,0,0,0,15,11,7,9,3,12,4,24,15,20,8,5,0,91,0,0,0,0,0,0,0,0,0,0,0,0,0,0,0,0,0,0,0,0,0,0,0,0,0,0,0,0,0,16,18,16,9,15,9,17,11,6,22,14,5,0,66,0,0,0,0,0,0,0,0,0,0,0,0,0,0,0,0,0,0,0,0,0,0,0,0,0,0,0,0,0,0,0,0,0,0,0,0,0,0,0,0,0,0,0,0,0,0,0,0,0,0,0,0,0,0,0,0,0,0,0,0,0,0,0,0,0,0,0,0
,0016,KC02-03,82,9,0,7,1,0,0,1,0,0,0,0,0,0,0,0,0,0,0,0,0,0,0,0,0,0,0,0,6,1,0,0,2,3,3,0,0,3,1,8,0,0,0,0,0,0,0,0,2,2,2,2,1,2,2,3,5,4,0,0,0,11,0,0,0,0,0,0,0,0,0,0,0,0,0,0,0,0,0,0,0,0,0,0,0,0,0,0,0,0,0,2,3,1,0,5,1,7,2,0,4,1,0,0,10,0,0,0,0,0,0,0,0,0,0,0,0,0,0,0,0,0,0,0,0,0,0,0,0,0,0,0,0,0,0,0,0,0,0,0,0,0,0,0,0,0,0,0,0,0,0,0,0,0,0,0,0,0,0,0,0,0,0,0,0,0,0,0,0,0,0,0,0
,0017,KC02-04,456,69,0,37,26,1,0,5,0,0,0,0,0,0,0,0,0,0,38,31,0,0,0,0,0,0,0,0,42,19,0,0,8,31,31,0,0,7,16,51,1,0,1,0,0,0,0,0,26,11,4,30,2,8,0,37,15,23,11,0,0,109,0,0,0,0,0,0,0,0,0,0,0,0,0,0,0,0,0,0,0,0,0,0,0,0,0,0,0,0,0,14,25,18,8,19,18,29,13,11,31,12,0,0,78,0,0,0,0,0,0,0,0,0,0,0,0,0,0,0,0,0,0,0,0,0,0,0,0,0,0,0,0,0,0,0,0,0,0,0,0,0,0,0,0,0,0,0,0,0,0,0,0,0,0,0,0,0,0,0,0,0,0,0,0,0,0,0,0,0,0,0,0
,0018,KC02-05,647,60,0,26,29,2,0,3,0,0,0,0,0,0,0,0,0,0,26,31,2,0,1,0,0,0,0,0,30,22,2,0,6,28,24,2,0,6,20,37,1,0,2,0,0,0,0,0,22,16,7,16,6,7,2,19,17,27,12,0,4,85,0,0,0,0,0,0,0,0,0,0,0,0,0,0,0,0,0,0,0,0,0,0,0,0,0,0,0,0,0,18,21,6,10,16,26,25,10,4,26,10,2,4,62,0,0,0,0,0,0,0,0,0,0,0,0,0,0,0,0,0,0,0,0,0,0,0,0,0,0,0,0,0,0,0,0,0,0,0,0,0,0,0,0,0,0,0,0,0,0,0,0,0,0,0,0,0,0,0,0,0,0,0,0,0,0,0,0,0,0,0,0
,0019,KC02-06,24,2,0,Redacted,Redacted,Redacted,Redacted,Redacted,Redacted,Redacted,Redacted,Redacted,Redacted,Redacted,Redacted,Redacted,Redacted,Redacted,Redacted,Redacted,Redacted,Redacted,Redacted,Redacted,Redacted,Redacted,Redacted,Redacted,Redacted,Redacted,Redacted,Redacted,Redacted,Redacted,Redacted,Redacted,Redacted,Redacted,Redacted,Redacted,Redacted,Redacted,Redacted,Redacted,Redacted,Redacted,Redacted,Redacted,Redacted,Redacted,Redacted,Redacted,Redacted,Redacted,Redacted,Redacted,Redacted,Redacted,Redacted,Redacted,Redacted,Redacted,Redacted,Redacted,Redacted,Redacted,Redacted,Redacted,Redacted,Redacted,Redacted,Redacted,Redacted,Redacted,Redacted,Redacted,Redacted,Redacted,Redacted,Redacted,Redacted,Redacted,Redacted,Redacted,Redacted,Redacted,Redacted,Redacted,Redacted,Redacted,Redacted,Redacted,Redacted,Redacted,Redacted,Redacted,Redacted,Redacted,Redacted,Redacted,Redacted,Redacted,Redacted,Redacted,Redacted,Redacted,Redacted,Redacted,Redacted,Redacted,Redacted,Redacted,Redacted,Redacted,Redacted,Redacted,Redacted,Redacted,Redacted,Redacted,Redacted,Redacted,Redacted,Redacted,Redacted,Redacted,Redacted,Redacted,Redacted,Redacted,Redacted,Redacted,Redacted,Redacted,Redacted,Redacted,Redacted,Redacted,Redacted,Redacted,Redacted,Redacted,Redacted,Redacted,Redacted,Redacted,Redacted,Redacted,Redacted,Redacted,Redacted,Redacted,Redacted,Redacted,Redacted,Redacted,Redacted,Redacted,Redacted,Redacted,Redacted,Redacted,Redacted,Redacted,Redacted,Redacted,Redacted,Redacted,Redacted,Redacted,Redacted,Redacted,Redacted
,0020,KC02-07,1,1,0,Redacted,Redacted,Redacted,Redacted,Redacted,Redacted,Redacted,Redacted,Redacted,Redacted,Redacted,Redacted,Redacted,Redacted,Redacted,Redacted,Redacted,Redacted,Redacted,Redacted,Redacted,Redacted,Redacted,Redacted,Redacted,Redacted,Redacted,Redacted,Redacted,Redacted,Redacted,Redacted,Redacted,Redacted,Redacted,Redacted,Redacted,Redacted,Redacted,Redacted,Redacted,Redacted,Redacted,Redacted,Redacted,Redacted,Redacted,Redacted,Redacted,Redacted,Redacted,Redacted,Redacted,Redacted,Redacted,Redacted,Redacted,Redacted,Redacted,Redacted,Redacted,Redacted,Redacted,Redacted,Redacted,Redacted,Redacted,Redacted,Redacted,Redacted,Redacted,Redacted,Redacted,Redacted,Redacted,Redacted,Redacted,Redacted,Redacted,Redacted,Redacted,Redacted,Redacted,Redacted,Redacted,Redacted,Redacted,Redacted,Redacted,Redacted,Redacted,Redacted,Redacted,Redacted,Redacted,Redacted,Redacted,Redacted,Redacted,Redacted,Redacted,Redacted,Redacted,Redacted,Redacted,Redacted,Redacted,Redacted,Redacted,Redacted,Redacted,Redacted,Redacted,Redacted,Redacted,Redacted,Redacted,Redacted,Redacted,Redacted,Redacted,Redacted,Redacted,Redacted,Redacted,Redacted,Redacted,Redacted,Redacted,Redacted,Redacted,Redacted,Redacted,Redacted,Redacted,Redacted,Redacted,Redacted,Redacted,Redacted,Redacted,Redacted,Redacted,Redacted,Redacted,Redacted,Redacted,Redacted,Redacted,Redacted,Redacted,Redacted,Redacted,Redacted,Redacted,Redacted,Redacted,Redacted,Redacted,Redacted,Redacted,Redacted,Redacted,Redacted,Redacted,Redacted,Redacted,Redacted,Redacted,Redacted
,0021,KC03-01,917,110,0,58,48,0,0,4,0,0,0,0,0,0,0,0,0,0,0,0,0,0,0,0,0,0,0,0,79,22,1,0,8,49,54,0,0,7,24,81,1,0,4,0,0,0,0,0,46,26,17,32,5,32,11,40,38,48,20,0,0,125,0,0,0,0,0,0,0,0,0,0,0,0,0,0,0,0,0,0,0,0,0,0,0,0,0,0,0,0,0,27,39,23,22,40,42,45,29,12,51,31,0,0,79,0,0,0,0,0,0,0,0,0,0,0,0,0,0,0,0,0,0,0,0,0,0,0,0,0,0,0,0,0,0,0,0,0,0,0,0,0,0,0,0,0,0,0,0,0,0,0,0,0,0,0,0,0,0,0,0,0,0,0,0,0,0,0,0,0,0,0,0
,0022,KC03-02,921,102,1,47,51,0,0,4,0,0,0,0,0,0,0,0,0,0,0,0,0,0,0,0,0,0,0,0,62,33,0,0,7,37,54,1,0,10,13,83,0,0,6,0,0,0,0,0,42,23,14,20,4,31,5,37,49,49,13,1,4,116,0,0,0,0,0,0,0,0,0,0,0,0,0,0,0,0,0,0,0,0,0,0,0,0,0,0,0,0,0,29,33,9,17,38,27,43,35,10,29,32,0,4,102,0,0,0,0,0,0,0,0,0,0,0,0,0,0,0,0,0,0,0,0,0,0,0,0,0,0,0,0,0,0,0,0,0,0,0,0,0,0,0,0,0,0,0,0,0,0,0,0,0,0,0,0,0,0,0,0,0,0,0,0,0,0,0,0,0,0,0,0
,0023,KC03-03,177,19,0,8,10,0,0,1,0,0,0,0,0,0,0,0,0,0,9,10,0,0,0,0,0,0,0,0,10,6,0,0,3,11,8,0,0,0,4,15,0,0,0,0,0,0,0,0,7,6,3,6,0,7,2,6,10,6,1,0,0,22,0,0,0,0,0,0,0,0,0,0,0,0,0,0,0,0,0,0,0,0,0,0,0,0,0,0,0,0,0,8,4,3,2,7,5,12,3,1,9,4,0,0,18,0,0,0,0,0,0,0,0,0,0,0,0,0,0,0,0,0,0,0,0,0,0,0,0,0,0,0,0,0,0,0,0,0,0,0,0,0,0,0,0,0,0,0,0,0,0,0,0,0,0,0,0,0,0,0,0,0,0,0,0,0,0,0,0,0,0,0,0
,0024,KC03-04,656,73,0,40,27,0,1,5,0,0,0,0,0,0,0,0,0,0,32,38,0,1,2,0,0,0,0,0,48,19,1,1,4,25,41,1,1,5,17,51,1,1,3,0,0,0,0,0,31,14,17,17,4,16,6,29,25,31,15,7,0,80,0,0,0,0,0,0,0,0,0,0,0,0,0,0,0,0,0,0,0,0,0,0,0,0,0,0,0,0,0,15,27,12,12,18,21,31,16,8,42,20,7,4,59,0,0,0,0,0,0,0,0,0,0,0,0,0,0,0,0,0,0,0,0,0,0,0,0,0,0,0,0,0,0,0,0,0,0,0,0,0,0,0,0,0,0,0,0,0,0,0,0,0,0,0,0,0,0,0,0,0,0,0,0,0,0,0,0,0,0,0,0
,0025,KC03-05,47,5,0,Redacted,Redacted,Redacted,Redacted,Redacted,Redacted,Redacted,Redacted,Redacted,Redacted,Redacted,Redacted,Redacted,Redacted,Redacted,Redacted,Redacted,Redacted,Redacted,Redacted,Redacted,Redacted,Redacted,Redacted,Redacted,Redacted,Redacted,Redacted,Redacted,Redacted,Redacted,Redacted,Redacted,Redacted,Redacted,Redacted,Redacted,Redacted,Redacted,Redacted,Redacted,Redacted,Redacted,Redacted,Redacted,Redacted,Redacted,Redacted,Redacted,Redacted,Redacted,Redacted,Redacted,Redacted,Redacted,Redacted,Redacted,Redacted,Redacted,Redacted,Redacted,Redacted,Redacted,Redacted,Redacted,Redacted,Redacted,Redacted,Redacted,Redacted,Redacted,Redacted,Redacted,Redacted,Redacted,Redacted,Redacted,Redacted,Redacted,Redacted,Redacted,Redacted,Redacted,Redacted,Redacted,Redacted,Redacted,Redacted,Redacted,Redacted,Redacted,Redacted,Redacted,Redacted,Redacted,Redacted,Redacted,Redacted,Redacted,Redacted,Redacted,Redacted,Redacted,Redacted,Redacted,Redacted,Redacted,Redacted,Redacted,Redacted,Redacted,Redacted,Redacted,Redacted,Redacted,Redacted,Redacted,Redacted,Redacted,Redacted,Redacted,Redacted,Redacted,Redacted,Redacted,Redacted,Redacted,Redacted,Redacted,Redacted,Redacted,Redacted,Redacted,Redacted,Redacted,Redacted,Redacted,Redacted,Redacted,Redacted,Redacted,Redacted,Redacted,Redacted,Redacted,Redacted,Redacted,Redacted,Redacted,Redacted,Redacted,Redacted,Redacted,Redacted,Redacted,Redacted,Redacted,Redacted,Redacted,Redacted,Redacted,Redacted,Redacted,Redacted,Redacted,Redacted,Redacted,Redacted,Redacted,Redacted
,0026,KC04-01,802,107,0,78,17,1,0,11,64,40,1,0,2,0,0,0,0,0,0,0,0,0,0,0,0,0,0,0,27,66,0,0,14,68,25,1,0,13,0,0,0,0,0,0,0,0,0,0,29,39,22,28,11,33,16,31,26,33,21,1,0,138,0,0,0,0,0,0,0,0,0,0,0,0,0,0,0,0,0,0,0,0,0,0,0,0,0,0,0,0,0,18,35,19,35,18,57,19,18,8,28,25,1,0,147,0,0,0,0,0,0,0,0,0,0,0,0,0,0,0,0,0,0,0,0,0,0,0,0,0,0,0,0,0,0,0,0,0,0,0,0,0,0,0,0,0,0,0,0,0,0,0,0,0,0,0,0,0,0,0,0,0,0,0,0,0,0,0,0,0,0,0,0
,0027,KC04-02,337,11,0,10,1,0,0,0,0,0,0,0,0,0,0,0,0,0,5,5,0,0,1,0,0,0,0,0,5,6,0,0,0,8,3,0,0,0,0,0,0,0,0,0,0,0,0,0,4,5,3,2,1,6,1,3,3,3,1,0,0,12,0,0,0,0,0,0,0,0,0,0,0,0,0,0,0,0,0,0,0,0,0,0,0,0,0,0,0,0,0,3,0,2,2,3,3,7,3,1,4,4,1,0,11,0,0,0,0,0,0,0,0,0,0,0,0,0,0,0,0,0,0,0,0,0,0,0,0,0,0,0,0,0,0,0,0,0,0,0,0,0,0,0,0,0,0,0,0,0,0,0,0,0,0,0,0,0,0,0,0,0,0,0,0,0,0,0,0,0,0,0,0
,0028,KC04-03,585,54,0,43,9,2,0,0,38,13,1,0,2,0,0,0,0,0,0,0,0,0,0,0,0,0,0,0,17,33,1,0,3,36,15,0,0,3,0,0,0,0,0,0,0,0,0,0,19,29,9,7,12,17,6,14,10,12,5,4,0,72,0,0,0,0,0,0,0,0,0,0,0,0,0,0,0,0,0,0,0,0,0,0,0,0,0,0,0,0,0,15,21,5,15,11,24,17,10,6,11,10,4,0,67,0,0,0,0,0,0,0,0,0,0,0,0,0,0,0,0,0,0,0,0,0,0,0,0,0,0,0,0,0,0,0,0,0,0,0,0,0,0,0,0,0,0,0,0,0,0,0,0,0,0,0,0,0,0,0,0,0,0,0,0,0,0,0,0,0,0,0,0
,0029,KC04-04,939,124,0,98,19,2,0,5,101,20,1,0,2,0,0,0,0,0,0,0,0,0,0,0,0,0,0,0,19,100,1,0,4,87,24,2,0,11,0,0,0,0,0,0,0,0,0,0,34,58,20,24,17,42,18,34,17,33,21,2,0,176,0,0,0,0,0,0,0,0,0,0,0,0,0,0,0,0,0,0,0,0,0,0,0,0,0,0,0,0,0,18,29,10,35,26,63,18,23,15,21,30,2,0,206,0,0,0,0,0,0,0,0,0,0,0,0,0,0,0,0,0,0,0,0,0,0,0,0,0,0,0,0,0,0,0,0,0,0,0,0,0,0,0,0,0,0,0,0,0,0,0,0,0,0,0,0,0,0,0,0,0,0,0,0,0,0,0,0,0,0,0,0
,0030,KC05-01,918,117,0,84,28,1,0,4,54,59,1,0,3,0,0,0,0,0,0,0,0,0,0,0,0,0,0,0,36,74,0,0,7,86,24,2,0,5,0,0,0,0,0,54,52,1,0,10,31,43,29,17,12,29,18,34,27,32,23,4,8,161,0,0,0,0,0,0,0,0,0,0,0,0,0,0,0,0,0,0,0,0,0,0,0,0,0,0,0,0,0,14,30,16,32,22,59,38,22,16,31,22,4,8,154,0,0,0,0,0,0,0,0,0,0,0,0,0,0,0,0,0,0,0,0,0,0,0,0,0,0,0,0,0,0,0,0,0,0,0,0,0,0,0,0,0,0,0,0,0,0,0,0,0,0,0,0,0,0,0,0,0,0,0,0,0,0,0,0,0,0,0,0
,0031,KC05-02,478,29,0,24,4,0,0,1,12,16,0,0,1,0,0,0,0,0,0,0,0,0,0,0,0,0,0,0,10,16,0,0,3,18,8,0,0,3,0,0,0,0,0,0,0,0,0,0,8,13,5,3,2,9,5,4,10,10,2,4,0,41,0,0,0,0,0,0,0,0,0,0,0,0,0,0,0,0,0,0,0,0,0,0,0,0,0,0,0,0,0,5,9,1,3,5,16,5,12,2,2,11,1,0,44,0,0,0,0,0,0,0,0,0,0,0,0,0,0,0,0,0,0,0,0,0,0,0,0,0,0,0,0,0,0,0,0,0,0,0,0,0,0,0,0,0,0,0,0,0,0,0,0,0,0,0,0,0,0,0,0,0,0,0,0,0,0,0,0,0,0,0,0
,0032,KC05-03,460,16,0,13,2,0,0,1,6,9,0,0,1,0,0,0,0,0,0,0,0,0,0,0,0,0,0,0,7,8,0,0,1,7,8,0,0,1,0,0,0,0,0,9,6,0,0,1,7,3,3,5,1,4,0,5,6,8,6,0,0,16,0,0,0,0,0,0,0,0,0,0,0,0,0,0,0,0,0,0,0,0,0,0,0,0,0,0,0,0,0,1,6,2,7,6,11,2,4,1,3,3,0,0,18,0,0,0,0,0,0,0,0,0,0,0,0,0,0,0,0,0,0,0,0,0,0,0,0,0,0,0,0,0,0,0,0,0,0,0,0,0,0,0,0,0,0,0,0,0,0,0,0,0,0,0,0,0,0,0,0,0,0,0,0,0,0,0,0,0,0,0,0
,0033,KC05-04,504,27,1,14,12,0,0,1,13,13,0,0,1,0,0,0,0,0,0,0,0,0,0,0,0,0,0,0,11,14,0,1,1,17,8,0,0,2,0,0,0,0,0,8,17,0,0,2,7,6,8,2,2,7,5,8,5,6,4,0,8,40,0,0,0,0,0,0,0,0,0,0,0,0,0,0,0,0,0,0,0,0,0,0,0,0,0,0,0,0,0,5,7,5,4,6,12,4,8,7,3,8,0,8,31,0,0,0,0,0,0,0,0,0,0,0,0,0,0,0,0,0,0,0,0,0,0,0,0,0,0,0,0,0,0,0,0,0,0,0,0,0,0,0,0,0,0,0,0,0,0,0,0,0,0,0,0,0,0,0,0,0,0,0,0,0,0,0,0,0,0,0,0
,0034,KC05-05,522,37,0,29,7,0,0,1,23,14,0,0,0,0,0,0,0,0,0,0,0,0,0,0,0,0,0,0,9,24,0,0,4,26,7,0,0,4,0,0,0,0,0,0,0,0,0,0,7,15,8,3,6,9,6,6,8,10,8,0,0,62,0,0,0,0,0,0,0,0,0,0,0,0,0,0,0,0,0,0,0,0,0,0,0,0,0,0,0,0,0,5,14,6,17,4,20,9,5,5,5,9,0,0,49,0,0,0,0,0,0,0,0,0,0,0,0,0,0,0,0,0,0,0,0,0,0,0,0,0,0,0,0,0,0,0,0,0,0,0,0,0,0,0,0,0,0,0,0,0,0,0,0,0,0,0,0,0,0,0,0,0,0,0,0,0,0,0,0,0,0,0,0
,0035,KC06-01,619,45,0,30,10,0,0,5,21,24,0,0,0,0,0,0,0,0,0,0,0,0,0,0,0,0,0,0,12,27,0,0,6,29,10,0,0,6,0,0,0,0,0,19,22,0,0,4,12,19,12,4,7,13,11,7,11,19,13,0,0,52,0,0,0,0,0,0,0,0,0,0,0,0,0,0,0,0,0,0,0,0,0,0,0,0,0,0,0,0,0,6,14,14,14,7,18,10,13,4,9,15,0,0,56,0,0,0,0,0,0,0,0,0,0,0,0,0,0,0,0,0,0,0,0,0,0,0,0,0,0,0,0,0,0,0,0,0,0,0,0,0,0,0,0,0,0,0,0,0,0,0,0,0,0,0,0,0,0,0,0,0,0,0,0,0,0,0,0,0,0,0,0
,0036,KC06-02,236,9,0,6,2,0,0,1,3,5,0,0,1,0,0,0,0,0,0,0,0,0,0,0,0,0,0,0,2,6,0,0,1,5,2,0,0,2,0,0,0,0,0,1,6,0,0,2,0,5,2,1,0,2,3,1,3,1,0,0,0,18,0,0,0,0,0,0,0,0,0,0,0,0,0,0,0,0,0,0,0,0,0,0,0,0,0,0,0,0,0,2,1,3,1,1,8,1,0,1,1,1,0,0,16,0,0,0,0,0,0,0,0,0,0,0,0,0,0,0,0,0,0,0,0,0,0,0,0,0,0,0,0,0,0,0,0,0,0,0,0,0,0,0,0,0,0,0,0,0,0,0,0,0,0,0,0,0,0,0,0,0,0,0,0,0,0,0,0,0,0,0,0
,0037,KC07-01,546,65,1,49,12,0,0,4,0,0,0,0,0,25,31,7,0,2,0,0,0,0,0,0,0,0,0,0,22,35,0,0,8,42,17,0,0,6,0,0,0,0,0,25,35,0,0,5,17,19,21,7,8,23,10,13,17,20,12,1,0,92,0,0,0,0,0,0,0,0,0,0,0,0,0,0,0,0,0,0,0,0,0,0,0,0,0,0,0,0,0,12,22,9,23,13,34,14,17,10,11,17,1,0,77,0,0,0,0,0,0,0,0,0,0,0,0,0,0,0,0,0,0,0,0,0,0,0,0,0,0,0,0,0,0,0,0,0,0,0,0,0,0,0,0,0,0,0,0,0,0,0,0,0,0,0,0,0,0,0,0,0,0,0,0,0,0,0,0,0,0,0,0
,0038,KC07-02,467,49,0,28,17,0,0,4,0,0,0,0,0,24,14,11,0,0,0,0,0,0,0,0,0,0,0,0,17,24,0,0,8,28,15,0,0,6,0,0,0,0,0,29,17,0,0,3,16,26,7,9,9,24,8,7,9,13,8,0,0,60,0,0,0,0,0,0,0,0,0,0,0,0,0,0,0,0,0,0,0,0,0,0,0,0,0,0,0,0,0,13,13,1,22,13,25,8,14,4,9,9,1,0,64,0,0,0,0,0,0,0,0,0,0,0,0,0,0,0,0,0,0,0,0,0,0,0,0,0,0,0,0,0,0,0,0,0,0,0,0,0,0,0,0,0,0,0,0,0,0,0,0,0,0,0,0,0,0,0,0,0,0,0,0,0,0,0,0,0,0,0,0
,0039,KC07-03,600,125,0,84,24,1,0,16,0,0,0,0,0,55,46,20,0,4,0,0,0,0,0,0,0,0,0,0,35,77,1,0,12,81,34,0,0,10,0,0,0,0,0,55,62,1,0,7,31,47,34,16,11,46,30,30,29,41,33,5,0,147,0,0,0,0,0,0,0,0,0,0,0,0,0,0,0,0,0,0,0,0,0,0,0,0,0,0,0,0,0,28,32,10,53,21,76,26,31,21,22,32,7,0,141,0,0,0,0,0,0,0,0,0,0,0,0,0,0,0,0,0,0,0,0,0,0,0,0,0,0,0,0,0,0,0,0,0,0,0,0,0,0,0,0,0,0,0,0,0,0,0,0,0,0,0,0,0,0,0,0,0,0,0,0,0,0,0,0,0,0,0,0
,0040,KC07-04,925,196,0,130,39,1,0,26,0,0,0,0,0,0,0,0,0,0,0,0,0,0,0,106,87,0,0,3,52,113,0,0,31,127,43,1,0,25,0,0,0,0,0,83,94,0,0,19,40,85,48,25,36,64,53,39,27,52,26,0,0,289,130,36,112,151,147,1,0,203,0,0,0,0,0,0,0,0,0,0,0,0,0,0,0,0,0,0,0,0,0,1,0,0,0,1,1,0,0,0,1,0,0,0,4,0,0,0,0,0,0,0,0,0,0,0,0,0,0,0,0,0,0,0,0,0,0,0,0,0,0,0,0,0,0,0,0,0,0,0,0,0,0,0,0,0,0,0,0,0,0,0,0,0,0,0,0,0,0,0,0,0,0,0,0,0,0,0,0,0,0,0,0
,0041,KC07-05,217,29,0,12,13,0,0,4,0,0,0,0,0,16,8,3,0,2,0,0,0,0,0,0,0,0,0,0,14,9,0,0,6,15,10,0,0,4,0,0,0,0,0,8,16,0,0,5,7,4,2,5,1,6,0,9,11,6,5,0,8,52,0,0,0,0,0,0,0,0,0,0,0,0,0,0,0,0,0,0,0,0,0,0,0,0,0,0,0,0,0,1,10,7,6,6,15,6,3,3,5,6,0,4,44,0,0,0,0,0,0,0,0,0,0,0,0,0,0,0,0,0,0,0,0,0,0,0,0,0,0,0,0,0,0,0,0,0,0,0,0,0,0,0,0,0,0,0,0,0,0,0,0,0,0,0,0,0,0,0,0,0,0,0,0,0,0,0,0,0,0,0,0
,0042,KC07-06,1105,118,0,78,24,2,0,14,0,0,0,0,0,48,52,15,0,3,0,0,0,0,0,0,0,0,0,0,34,73,0,0,11,80,25,2,0,11,0,0,0,0,0,49,58,3,0,8,31,46,20,20,12,40,27,27,27,39,24,3,0,156,3,2,2,6,6,0,0,25,0,0,0,0,0,0,0,0,0,0,0,0,0,0,0,0,0,0,0,0,0,16,24,20,32,25,68,24,27,14,20,16,2,0,144,0,0,0,0,0,0,0,0,0,0,0,0,0,0,0,0,0,0,0,0,0,0,0,0,0,0,0,0,0,0,0,0,0,0,0,0,0,0,0,0,0,0,0,0,0,0,0,0,0,0,0,0,0,0,0,0,0,0,0,0,0,0,0,0,0,0,0,0
,0043,KC07-07,488,30,0,17,9,1,0,3,0,0,0,0,0,12,13,5,0,0,0,0,0,0,0,0,0,0,0,0,10,18,0,0,2,16,11,1,0,2,0,0,0,0,0,13,16,1,0,0,7,14,14,4,6,12,3,7,8,10,6,0,0,29,0,0,0,0,1,0,0,11,0,0,0,0,0,0,0,0,0,0,0,0,0,0,0,0,0,0,0,0,0,6,7,3,4,5,17,10,7,3,10,7,0,0,33,0,0,0,0,0,0,0,0,0,0,0,0,0,0,0,0,0,0,0,0,0,0,0,0,0,0,0,0,0,0,0,0,0,0,0,0,0,0,0,0,0,0,0,0,0,0,0,0,0,0,0,0,0,0,0,0,0,0,0,0,0,0,0,0,0,0,0,0
,0044,KC07-08,862,94,0,71,19,1,0,3,0,0,0,0,0,0,0,0,0,0,0,0,0,0,0,35,54,2,0,3,26,59,0,0,9,59,26,0,0,9,0,0,0,0,0,37,50,0,0,7,23,25,11,19,8,30,19,18,25,34,17,0,4,143,0,0,0,0,0,0,0,4,0,0,0,0,0,0,0,0,0,0,0,0,0,0,0,0,0,0,0,0,0,11,28,13,21,20,57,17,16,13,17,28,0,4,131,0,0,0,0,0,0,0,0,0,0,0,0,0,0,0,0,0,0,0,0,0,0,0,0,0,0,0,0,0,0,0,0,0,0,0,0,0,0,0,0,0,0,0,0,0,0,0,0,0,0,0,0,0,0,0,0,0,0,0,0,0,0,0,0,0,0,0,0
,0045,KC07-09,1143,186,0,124,31,5,1,25,0,0,0,0,0,0,0,0,0,0,0,0,0,0,0,99,83,1,0,3,50,109,0,0,27,118,44,0,0,24,0,0,0,0,0,59,103,1,0,23,34,66,38,27,30,66,49,35,31,47,25,1,12,283,115,29,100,132,124,2,0,242,0,0,0,0,0,0,0,0,0,0,0,0,0,0,0,0,0,0,0,0,0,0,0,0,0,0,0,0,0,0,0,0,0,0,0,0,0,0,0,0,0,0,0,0,0,0,0,0,0,0,0,0,0,0,0,0,0,0,0,0,0,0,0,0,0,0,0,0,0,0,0,0,0,0,0,0,0,0,0,0,0,0,0,0,0,0,0,0,0,0,0,0,0,0,0,0,0,0,0,0,0,0,0
,0046,KC07-10,565,94,0,57,21,0,0,16,0,0,0,0,0,0,0,0,0,0,0,0,0,0,0,41,49,0,0,4,24,53,0,0,17,60,17,0,1,16,0,0,0,0,0,42,39,1,0,12,13,25,20,17,9,28,17,17,22,33,17,0,4,154,48,15,41,58,48,0,0,114,0,0,0,0,0,0,0,0,0,0,0,0,0,0,0,0,0,0,0,0,0,1,5,4,2,2,6,2,4,1,1,5,0,0,27,0,0,0,0,0,0,0,0,0,0,0,0,0,0,0,0,0,0,0,0,0,0,0,0,0,0,0,0,0,0,0,0,0,0,0,0,0,0,0,0,0,0,0,0,0,0,0,0,0,0,0,0,0,0,0,0,0,0,0,0,0,0,0,0,0,0,0,0
,0047,KC07-11,16,1,0,Redacted,Redacted,Redacted,Redacted,Redacted,Redacted,Redacted,Redacted,Redacted,Redacted,Redacted,Redacted,Redacted,Redacted,Redacted,Redacted,Redacted,Redacted,Redacted,Redacted,Redacted,Redacted,Redacted,Redacted,Redacted,Redacted,Redacted,Redacted,Redacted,Redacted,Redacted,Redacted,Redacted,Redacted,Redacted,Redacted,Redacted,Redacted,Redacted,Redacted,Redacted,Redacted,Redacted,Redacted,Redacted,Redacted,Redacted,Redacted,Redacted,Redacted,Redacted,Redacted,Redacted,Redacted,Redacted,Redacted,Redacted,Redacted,Redacted,Redacted,Redacted,Redacted,Redacted,Redacted,Redacted,Redacted,Redacted,Redacted,Redacted,Redacted,Redacted,Redacted,Redacted,Redacted,Redacted,Redacted,Redacted,Redacted,Redacted,Redacted,Redacted,Redacted,Redacted,Redacted,Redacted,Redacted,Redacted,Redacted,Redacted,Redacted,Redacted,Redacted,Redacted,Redacted,Redacted,Redacted,Redacted,Redacted,Redacted,Redacted,Redacted,Redacted,Redacted,Redacted,Redacted,Redacted,Redacted,Redacted,Redacted,Redacted,Redacted,Redacted,Redacted,Redacted,Redacted,Redacted,Redacted,Redacted,Redacted,Redacted,Redacted,Redacted,Redacted,Redacted,Redacted,Redacted,Redacted,Redacted,Redacted,Redacted,Redacted,Redacted,Redacted,Redacted,Redacted,Redacted,Redacted,Redacted,Redacted,Redacted,Redacted,Redacted,Redacted,Redacted,Redacted,Redacted,Redacted,Redacted,Redacted,Redacted,Redacted,Redacted,Redacted,Redacted,Redacted,Redacted,Redacted,Redacted,Redacted,Redacted,Redacted,Redacted,Redacted,Redacted,Redacted,Redacted,Redacted,Redacted,Redacted,Redacted
,0048,KC07-12,0,0,0,0,0,0,0,0,0,0,0,0,0,0,0,0,0,0,0,0,0,0,0,0,0,0,0,0,0,0,0,0,0,0,0,0,0,0,0,0,0,0,0,0,0,0,0,0,0,0,0,0,0,0,0,0,0,0,0,0,0,0,0,0,0,0,0,0,0,0,0,0,0,0,0,0,0,0,0,0,0,0,0,0,0,0,0,0,0,0,0,0,0,0,0,0,0,0,0,0,0,0,0,0,0,0,0,0,0,0,0,0,0,0,0,0,0,0,0,0,0,0,0,0,0,0,0,0,0,0,0,0,0,0,0,0,0,0,0,0,0,0,0,0,0,0,0,0,0,0,0,0,0,0,0,0,0,0,0,0,0,0,0,0,0,0,0,0,0,0,0,0,0
,0049,KC08-01,913,71,0,51,15,0,0,5,0,0,0,0,0,25,32,9,0,5,0,0,0,0,0,0,0,0,0,0,28,29,1,0,13,34,29,1,0,7,0,0,0,0,0,27,37,2,0,5,29,14,14,23,9,13,12,15,22,20,16,1,4,92,0,0,0,0,0,0,0,0,0,0,0,0,0,0,0,0,0,0,0,0,0,0,0,0,0,0,0,0,0,12,25,9,13,35,27,12,16,9,17,14,2,0,93,0,0,0,0,0,0,0,0,0,0,0,0,0,0,0,0,0,0,0,0,0,0,0,0,0,0,0,0,0,0,0,0,0,0,0,0,0,0,0,0,0,0,0,0,0,0,0,0,0,0,0,0,0,0,0,0,0,0,0,0,0,0,0,0,0,0,0,0
,0050,KC08-02,858,105,0,72,23,2,0,8,0,0,0,0,0,39,53,10,0,3,0,0,0,0,0,0,0,0,0,0,34,49,0,0,22,63,33,0,0,9,0,0,0,0,0,33,63,2,0,7,32,31,13,40,10,13,8,42,25,23,31,6,0,146,0,0,0,0,0,0,0,0,0,0,0,0,0,0,0,0,0,0,0,0,0,0,0,0,0,0,0,0,0,21,35,23,41,24,58,24,12,12,26,11,4,4,125,0,0,0,0,0,0,0,0,0,0,0,0,0,0,0,0,0,0,0,0,0,0,0,0,0,0,0,0,0,0,0,0,0,0,0,0,0,0,0,0,0,0,0,0,0,0,0,0,0,0,0,0,0,0,0,0,0,0,0,0,0,0,0,0,0,0,0,0
,0051,KC08-03,1148,211,0,152,42,0,0,17,0,0,0,0,0,91,95,21,0,4,0,0,0,0,0,0,0,0,0,0,52,114,1,0,44,133,59,0,0,19,0,0,0,0,0,73,130,0,0,8,82,50,21,64,17,43,24,60,39,44,47,0,0,353,0,0,0,0,0,0,0,0,0,0,0,0,0,0,0,0,0,0,0,0,0,0,0,0,0,0,0,0,0,51,58,30,80,52,124,40,33,51,64,31,0,4,226,0,0,0,0,0,0,0,0,0,0,0,0,0,0,0,0,0,0,0,0,0,0,0,0,0,0,0,0,0,0,0,0,0,0,0,0,0,0,0,0,0,0,0,0,0,0,0,0,0,0,0,0,0,0,0,0,0,0,0,0,0,0,0,0,0,0,0,0
,0052,KC08-04,1060,141,1,99,23,1,0,18,0,0,0,0,0,41,68,27,0,5,0,0,0,0,0,0,0,0,0,0,38,79,2,0,22,90,36,0,0,15,0,0,0,0,0,44,82,2,0,13,47,33,28,38,19,42,24,34,39,36,24,0,0,200,0,0,0,0,0,0,0,0,0,0,0,0,0,0,0,0,0,0,0,0,0,0,0,0,0,0,0,0,0,36,50,14,40,37,68,24,25,20,29,25,0,4,192,0,0,0,0,0,0,0,0,0,0,0,0,0,0,0,0,0,0,0,0,0,0,0,0,0,0,0,0,0,0,0,0,0,0,0,0,0,0,0,0,0,0,0,0,0,0,0,0,0,0,0,0,0,0,0,0,0,0,0,0,0,0,0,0,0,0,0,0
,0053,KC09-01,169,15,0,13,2,0,0,0,8,7,0,0,0,0,0,0,0,0,0,0,0,0,0,0,0,0,0,0,2,11,1,0,1,8,4,1,0,2,0,0,0,0,0,0,0,0,0,0,3,5,2,4,3,4,0,4,6,4,0,0,0,25,0,0,0,0,0,0,0,0,0,0,0,0,0,0,0,0,0,0,0,0,0,0,0,0,0,0,0,0,0,1,1,3,4,4,10,5,3,2,4,6,0,0,17,0,0,0,0,0,0,0,0,0,0,0,0,0,0,0,0,0,0,0,0,0,0,0,0,0,0,0,0,0,0,0,0,0,0,0,0,0,0,0,0,0,0,0,0,0,0,0,0,0,0,0,0,0,0,0,0,0,0,0,0,0,0,0,0,0,0,0,0
,0054,KC09-02,837,51,0,30,14,3,0,4,28,21,0,0,2,0,0,0,0,0,0,0,0,0,0,0,0,0,0,0,17,29,0,0,5,28,20,0,0,3,0,0,0,0,0,0,0,0,0,0,21,18,9,7,10,23,6,11,14,11,11,0,4,59,0,0,0,0,0,0,0,0,0,0,0,0,0,0,0,0,0,0,0,0,0,0,0,0,0,0,0,0,0,16,14,8,15,20,23,8,11,8,9,14,0,0,58,0,0,0,0,0,0,0,0,0,0,0,0,0,0,0,0,0,0,0,0,0,0,0,0,0,0,0,0,0,0,0,0,0,0,0,0,0,0,0,0,0,0,0,0,0,0,0,0,0,0,0,0,0,0,0,0,0,0,0,0,0,0,0,0,0,0,0,0
,0055,KC09-03,1679,185,1,123,48,5,0,9,0,0,0,0,0,0,0,0,0,0,120,52,5,0,8,0,0,0,0,0,45,127,1,0,12,126,51,3,0,5,0,0,0,0,0,0,0,0,0,0,47,75,46,34,28,72,38,51,41,67,36,0,0,205,0,0,0,0,0,0,0,0,0,0,0,0,0,0,0,0,0,0,0,0,0,0,0,0,0,0,0,0,0,34,41,23,62,33,98,63,43,24,58,52,13,8,188,0,0,0,0,0,0,0,0,0,0,0,0,0,0,0,0,0,0,0,0,0,0,0,0,0,0,0,0,0,0,0,0,0,0,0,0,0,0,0,0,0,0,0,0,0,0,0,0,0,0,0,0,0,0,0,0,0,0,0,0,0,0,0,0,0,0,0,0
,0056,KC09-04,202,23,0,13,8,0,0,2,0,0,0,0,0,0,0,0,0,0,0,0,0,0,0,0,0,0,0,0,8,14,0,0,1,16,6,0,0,1,0,0,0,0,0,0,0,0,0,0,8,8,10,2,6,12,4,8,5,10,7,0,0,12,0,0,0,0,0,0,0,0,0,0,0,0,0,0,0,0,0,0,0,0,0,0,0,0,0,0,0,0,0,5,10,4,4,9,5,8,10,3,6,5,0,0,23,0,0,0,0,0,0,0,0,0,0,0,0,0,0,0,0,0,0,0,0,0,0,0,0,0,0,0,0,0,0,0,0,0,0,0,0,0,0,0,0,0,0,0,0,0,0,0,0,0,0,0,0,0,0,0,0,0,0,0,0,0,0,0,0,0,0,0,0
,0057,KC09-05,70,9,0,6,3,0,0,0,0,0,0,0,0,0,0,0,0,0,0,0,0,0,0,0,0,0,0,0,4,5,0,0,0,8,1,0,0,0,0,0,0,0,0,2,4,1,0,2,0,5,2,5,1,3,0,6,3,3,0,0,0,8,2,3,1,3,5,8,0,14,0,0,0,0,0,0,0,0,0,0,0,0,0,0,0,0,0,0,0,0,0,0,0,0,0,0,0,0,0,0,0,0,0,0,0,0,0,0,0,0,0,0,0,0,0,0,0,0,0,0,0,0,0,0,0,0,0,0,0,0,0,0,0,0,0,0,0,0,0,0,0,0,0,0,0,0,0,0,0,0,0,0,0,0,0,0,0,0,0,0,0,0,0,0,0,0,0,0,0,0,0,0,0
,0058,KC09-06,990,90,0,51,36,1,0,2,0,0,0,0,0,0,0,0,0,0,0,0,0,0,0,0,0,0,0,0,45,39,2,0,4,37,47,1,0,5,0,0,0,0,0,0,0,0,0,0,41,26,10,23,7,19,7,35,33,31,18,0,0,110,13,17,8,13,24,10,0,95,0,0,0,0,0,0,0,0,0,0,0,0,0,0,0,0,0,0,0,0,0,16,9,9,7,11,11,18,10,6,22,10,2,0,53,0,0,0,0,0,0,0,0,0,0,0,0,0,0,0,0,0,0,0,0,0,0,0,0,0,0,0,0,0,0,0,0,0,0,0,0,0,0,0,0,0,0,0,0,0,0,0,0,0,0,0,0,0,0,0,0,0,0,0,0,0,0,0,0,0,0,0,0
,0059,KC09-07,871,85,0,52,24,2,0,7,0,0,0,0,0,0,0,0,0,0,0,0,0,0,0,35,44,1,0,5,34,37,3,0,11,48,30,1,0,6,0,0,0,0,0,37,36,3,0,9,21,33,20,17,10,29,12,24,22,30,14,9,0,99,51,33,41,42,49,7,0,117,0,0,0,0,0,0,0,0,0,0,0,0,0,0,0,0,0,0,0,0,0,0,0,0,0,0,0,0,0,0,0,0,0,0,4,0,0,0,0,0,0,0,0,0,0,0,0,0,0,0,0,0,0,0,0,0,0,0,0,0,0,0,0,0,0,0,0,0,0,0,0,0,0,0,0,0,0,0,0,0,0,0,0,0,0,0,0,0,0,0,0,0,0,0,0,0,0,0,0,0,0,0,0
,0060,KC09-08,462,86,0,53,29,2,0,2,0,0,0,0,0,0,0,0,0,0,0,0,0,0,0,0,0,0,0,0,38,39,0,0,9,42,37,2,0,5,0,0,0,0,0,0,0,0,0,0,30,20,12,17,3,29,7,25,33,30,18,1,0,119,4,2,2,4,3,0,0,9,0,0,0,0,0,0,0,0,0,0,0,0,0,0,0,0,0,0,0,0,0,10,30,13,23,18,37,24,14,16,25,23,1,0,90,0,0,0,0,0,0,0,0,0,0,0,0,0,0,0,0,0,0,0,0,0,0,0,0,0,0,0,0,0,0,0,0,0,0,0,0,0,0,0,0,0,0,0,0,0,0,0,0,0,0,0,0,0,0,0,0,0,0,0,0,0,0,0,0,0,0,0,0
,0061,KC09-09,350,35,0,19,14,0,0,2,0,0,0,0,0,0,0,0,0,0,0,0,0,0,0,0,0,0,0,0,14,18,0,0,3,18,13,1,0,3,0,0,0,0,0,0,0,0,0,0,8,15,6,4,10,15,7,12,6,11,5,0,4,37,0,0,0,0,0,0,0,0,0,0,0,0,0,0,0,0,0,0,0,0,0,0,0,0,0,0,0,0,0,6,7,5,11,8,14,7,9,7,6,16,0,0,44,0,0,0,0,0,0,0,0,0,0,0,0,0,0,0,0,0,0,0,0,0,0,0,0,0,0,0,0,0,0,0,0,0,0,0,0,0,0,0,0,0,0,0,0,0,0,0,0,0,0,0,0,0,0,0,0,0,0,0,0,0,0,0,0,0,0,0,0
,0062,KC09-10,830,127,0,79,36,3,0,9,0,0,0,0,0,0,0,0,0,0,0,0,0,0,0,0,0,0,0,0,50,66,1,0,10,56,61,4,0,6,0,0,0,0,0,0,0,0,0,0,43,54,26,29,17,52,16,43,39,33,21,1,4,130,0,0,0,0,0,0,0,0,0,0,0,0,0,0,0,0,0,0,0,0,0,0,0,0,0,0,0,0,0,36,31,16,29,27,53,38,46,12,40,35,2,0,143,0,0,0,0,0,0,0,0,0,0,0,0,0,0,0,0,0,0,0,0,0,0,0,0,0,0,0,0,0,0,0,0,0,0,0,0,0,0,0,0,0,0,0,0,0,0,0,0,0,0,0,0,0,0,0,0,0,0,0,0,0,0,0,0,0,0,0,0
,0063,KC09-11,38,12,0,5,7,0,0,0,0,0,0,0,0,0,0,0,0,0,0,0,0,0,0,0,0,0,0,0,3,6,0,0,3,6,4,0,0,2,0,0,0,0,0,0,0,0,0,0,5,1,4,5,2,2,3,6,3,1,2,0,0,14,0,0,0,0,0,0,0,0,0,0,0,0,0,0,0,0,0,0,0,0,1,0,0,1,0,1,0,0,1,4,3,4,4,4,4,1,1,1,2,2,0,0,14,0,0,0,1,0,0,0,0,0,0,0,0,0,0,0,0,0,0,0,0,0,0,0,0,0,0,0,0,0,0,0,0,0,0,0,0,0,0,0,0,0,0,0,0,0,0,0,0,0,0,0,0,0,0,0,0,0,0,0,0,0,0,0,0,0,0,0,0
,0064,KC09-12,953,130,0,80,37,2,1,10,0,0,0,0,0,0,0,0,0,0,0,0,0,0,0,0,0,0,0,0,52,59,2,1,16,72,47,0,0,11,0,0,0,0,0,59,65,2,0,4,40,60,29,20,33,55,24,35,47,31,21,7,16,102,0,0,0,0,0,0,0,0,0,0,0,0,0,0,0,0,0,0,0,0,13,7,8,9,9,8,0,0,50,33,26,18,25,22,40,28,31,13,22,31,4,8,127,13,0,0,13,0,0,0,0,0,0,0,0,0,0,0,0,0,0,0,0,0,0,0,0,0,0,0,0,0,0,0,0,0,0,0,0,0,0,0,0,0,0,0,0,0,0,0,0,0,0,0,0,0,0,0,0,0,0,0,0,0,0,0,0,0,0,0,0
,0065,KC09-13,655,61,0,35,22,0,0,4,0,0,0,0,0,0,0,0,0,0,0,0,0,0,0,23,34,0,0,4,19,37,0,0,5,33,22,0,0,6,0,0,0,0,0,27,30,0,0,4,20,27,16,10,16,28,16,11,11,21,10,0,0,58,0,0,0,0,0,0,0,0,0,0,0,0,0,0,0,0,0,0,0,0,0,0,0,0,0,0,0,0,0,23,14,7,14,24,16,18,12,9,6,18,0,0,83,0,0,0,0,0,0,0,0,0,0,0,0,0,0,0,0,0,0,0,0,0,0,0,0,0,0,0,0,0,0,0,0,0,0,0,0,0,0,0,0,0,0,0,0,0,0,0,0,0,0,0,0,0,0,0,0,0,0,0,0,0,0,0,0,0,0,0,0
,0066,KC09-14,820,141,1,85,45,1,0,10,0,0,0,0,0,0,0,0,0,0,0,0,0,0,0,62,69,1,0,9,36,89,1,0,15,90,41,1,0,9,0,0,0,0,0,56,71,0,0,14,41,50,33,21,35,51,26,31,37,34,35,0,0,170,0,0,0,0,0,0,0,0,0,0,0,0,0,0,0,0,0,0,0,0,26,23,21,16,17,23,0,0,114,17,12,19,18,18,30,17,18,19,11,32,0,0,117,39,0,0,21,0,0,0,0,0,0,0,0,0,0,0,0,0,0,0,0,0,0,0,0,0,0,0,0,0,0,0,0,0,0,0,0,0,0,0,0,0,0,0,0,0,0,0,0,0,0,0,0,0,0,0,0,0,0,0,0,0,0,0,0,0,0,0,0
,0067,KC09-15,2,0,0,0,0,0,0,0,0,0,0,0,0,0,0,0,0,0,0,0,0,0,0,0,0,0,0,0,0,0,0,0,0,0,0,0,0,0,0,0,0,0,0,0,0,0,0,0,0,0,0,0,0,0,0,0,0,0,0,0,0,0,0,0,0,0,0,0,0,0,0,0,0,0,0,0,0,0,0,0,0,0,0,0,0,0,0,0,0,0,0,0,0,0,0,0,0,0,0,0,0,0,0,0,0,0,0,0,0,0,0,0,0,0,0,0,0,0,0,0,0,0,0,0,0,0,0,0,0,0,0,0,0,0,0,0,0,0,0,0,0,0,0,0,0,0,0,0,0,0,0,0,0,0,0,0,0,0,0,0,0,0,0,0,0,0,0,0,0,0,0,0,0
,0068,KC09-16,2148,252,0,165,68,6,0,13,0,0,0,0,0,0,0,0,0,0,0,0,0,0,0,0,0,0,0,0,80,137,0,0,35,141,89,5,0,17,0,0,0,0,0,0,0,0,0,0,86,113,44,48,46,82,41,99,63,66,44,5,12,259,0,0,0,0,0,0,0,0,34,41,44,42,16,42,30,23,37,1,4,74,68,67,62,59,59,72,4,0,245,0,0,0,0,0,1,1,0,0,1,1,0,0,12,106,5,0,48,0,0,0,0,0,0,0,0,0,0,0,0,0,0,0,0,0,0,0,0,0,0,0,0,0,0,0,0,0,0,0,0,0,0,0,0,0,0,0,0,0,0,0,0,0,0,0,0,0,0,0,0,0,0,0,0,0,0,0,0,0,0,0,0
,0069,KC09-17,9,1,0,Redacted,Redacted,Redacted,Redacted,Redacted,Redacted,Redacted,Redacted,Redacted,Redacted,Redacted,Redacted,Redacted,Redacted,Redacted,Redacted,Redacted,Redacted,Redacted,Redacted,Redacted,Redacted,Redacted,Redacted,Redacted,Redacted,Redacted,Redacted,Redacted,Redacted,Redacted,Redacted,Redacted,Redacted,Redacted,Redacted,Redacted,Redacted,Redacted,Redacted,Redacted,Redacted,Redacted,Redacted,Redacted,Redacted,Redacted,Redacted,Redacted,Redacted,Redacted,Redacted,Redacted,Redacted,Redacted,Redacted,Redacted,Redacted,Redacted,Redacted,Redacted,Redacted,Redacted,Redacted,Redacted,Redacted,Redacted,Redacted,Redacted,Redacted,Redacted,Redacted,Redacted,Redacted,Redacted,Redacted,Redacted,Redacted,Redacted,Redacted,Redacted,Redacted,Redacted,Redacted,Redacted,Redacted,Redacted,Redacted,Redacted,Redacted,Redacted,Redacted,Redacted,Redacted,Redacted,Redacted,Redacted,Redacted,Redacted,Redacted,Redacted,Redacted,Redacted,Redacted,Redacted,Redacted,Redacted,Redacted,Redacted,Redacted,Redacted,Redacted,Redacted,Redacted,Redacted,Redacted,Redacted,Redacted,Redacted,Redacted,Redacted,Redacted,Redacted,Redacted,Redacted,Redacted,Redacted,Redacted,Redacted,Redacted,Redacted,Redacted,Redacted,Redacted,Redacted,Redacted,Redacted,Redacted,Redacted,Redacted,Redacted,Redacted,Redacted,Redacted,Redacted,Redacted,Redacted,Redacted,Redacted,Redacted,Redacted,Redacted,Redacted,Redacted,Redacted,Redacted,Redacted,Redacted,Redacted,Redacted,Redacted,Redacted,Redacted,Redacted,Redacted,Redacted,Redacted,Redacted,Redacted,Redacted
,0070,KC09-18,173,24,1,16,5,0,0,3,0,0,0,0,0,0,0,0,0,0,0,0,0,0,0,0,0,0,0,0,5,16,0,0,3,15,5,0,0,4,0,0,0,0,0,0,0,0,0,0,3,13,7,3,6,15,6,7,5,8,1,0,0,22,0,0,0,0,0,0,0,0,0,0,0,0,0,0,0,0,0,0,0,0,0,0,0,0,0,0,0,0,0,7,2,3,7,4,11,11,8,0,4,9,0,0,30,0,0,0,0,0,0,0,0,0,0,0,0,0,0,0,0,0,0,0,0,0,0,0,0,0,0,0,0,0,0,0,0,0,0,0,0,0,0,0,0,0,0,0,0,0,0,0,0,0,0,0,0,0,0,0,0,0,0,0,0,0,0,0,0,0,0,0,0
,0071,KC09-19,43,5,0,Redacted,Redacted,Redacted,Redacted,Redacted,Redacted,Redacted,Redacted,Redacted,Redacted,Redacted,Redacted,Redacted,Redacted,Redacted,Redacted,Redacted,Redacted,Redacted,Redacted,Redacted,Redacted,Redacted,Redacted,Redacted,Redacted,Redacted,Redacted,Redacted,Redacted,Redacted,Redacted,Redacted,Redacted,Redacted,Redacted,Redacted,Redacted,Redacted,Redacted,Redacted,Redacted,Redacted,Redacted,Redacted,Redacted,Redacted,Redacted,Redacted,Redacted,Redacted,Redacted,Redacted,Redacted,Redacted,Redacted,Redacted,Redacted,Redacted,Redacted,Redacted,Redacted,Redacted,Redacted,Redacted,Redacted,Redacted,Redacted,Redacted,Redacted,Redacted,Redacted,Redacted,Redacted,Redacted,Redacted,Redacted,Redacted,Redacted,Redacted,Redacted,Redacted,Redacted,Redacted,Redacted,Redacted,Redacted,Redacted,Redacted,Redacted,Redacted,Redacted,Redacted,Redacted,Redacted,Redacted,Redacted,Redacted,Redacted,Redacted,Redacted,Redacted,Redacted,Redacted,Redacted,Redacted,Redacted,Redacted,Redacted,Redacted,Redacted,Redacted,Redacted,Redacted,Redacted,Redacted,Redacted,Redacted,Redacted,Redacted,Redacted,Redacted,Redacted,Redacted,Redacted,Redacted,Redacted,Redacted,Redacted,Redacted,Redacted,Redacted,Redacted,Redacted,Redacted,Redacted,Redacted,Redacted,Redacted,Redacted,Redacted,Redacted,Redacted,Redacted,Redacted,Redacted,Redacted,Redacted,Redacted,Redacted,Redacted,Redacted,Redacted,Redacted,Redacted,Redacted,Redacted,Redacted,Redacted,Redacted,Redacted,Redacted,Redacted,Redacted,Redacted,Redacted,Redacted,Redacted,Redacted,Redacted
,0072,KC09-20,0,0,0,0,0,0,0,0,0,0,0,0,0,0,0,0,0,0,0,0,0,0,0,0,0,0,0,0,0,0,0,0,0,0,0,0,0,0,0,0,0,0,0,0,0,0,0,0,0,0,0,0,0,0,0,0,0,0,0,0,0,0,0,0,0,0,0,0,0,0,0,0,0,0,0,0,0,0,0,0,0,0,0,0,0,0,0,0,0,0,0,0,0,0,0,0,0,0,0,0,0,0,0,0,0,0,0,0,0,0,0,0,0,0,0,0,0,0,0,0,0,0,0,0,0,0,0,0,0,0,0,0,0,0,0,0,0,0,0,0,0,0,0,0,0,0,0,0,0,0,0,0,0,0,0,0,0,0,0,0,0,0,0,0,0,0,0,0,0,0,0,0,0
,0073,KC09-21,71,2,0,Redacted,Redacted,Redacted,Redacted,Redacted,Redacted,Redacted,Redacted,Redacted,Redacted,Redacted,Redacted,Redacted,Redacted,Redacted,Redacted,Redacted,Redacted,Redacted,Redacted,Redacted,Redacted,Redacted,Redacted,Redacted,Redacted,Redacted,Redacted,Redacted,Redacted,Redacted,Redacted,Redacted,Redacted,Redacted,Redacted,Redacted,Redacted,Redacted,Redacted,Redacted,Redacted,Redacted,Redacted,Redacted,Redacted,Redacted,Redacted,Redacted,Redacted,Redacted,Redacted,Redacted,Redacted,Redacted,Redacted,Redacted,Redacted,Redacted,Redacted,Redacted,Redacted,Redacted,Redacted,Redacted,Redacted,Redacted,Redacted,Redacted,Redacted,Redacted,Redacted,Redacted,Redacted,Redacted,Redacted,Redacted,Redacted,Redacted,Redacted,Redacted,Redacted,Redacted,Redacted,Redacted,Redacted,Redacted,Redacted,Redacted,Redacted,Redacted,Redacted,Redacted,Redacted,Redacted,Redacted,Redacted,Redacted,Redacted,Redacted,Redacted,Redacted,Redacted,Redacted,Redacted,Redacted,Redacted,Redacted,Redacted,Redacted,Redacted,Redacted,Redacted,Redacted,Redacted,Redacted,Redacted,Redacted,Redacted,Redacted,Redacted,Redacted,Redacted,Redacted,Redacted,Redacted,Redacted,Redacted,Redacted,Redacted,Redacted,Redacted,Redacted,Redacted,Redacted,Redacted,Redacted,Redacted,Redacted,Redacted,Redacted,Redacted,Redacted,Redacted,Redacted,Redacted,Redacted,Redacted,Redacted,Redacted,Redacted,Redacted,Redacted,Redacted,Redacted,Redacted,Redacted,Redacted,Redacted,Redacted,Redacted,Redacted,Redacted,Redacted,Redacted,Redacted,Redacted,Redacted,Redacted,Redacted
,0074,KC09-22,130,29,0,23,3,0,0,3,0,0,0,0,0,0,0,0,0,0,0,0,0,0,0,8,19,0,0,2,7,19,0,0,3,20,4,0,1,4,0,0,0,0,0,7,17,1,0,4,7,15,4,4,6,12,11,1,5,10,3,0,0,38,0,0,0,0,0,0,0,0,0,0,0,0,0,0,0,0,0,0,0,0,0,0,0,0,0,0,0,0,0,9,8,3,9,4,11,7,9,1,5,9,0,0,41,0,0,0,0,0,0,0,0,0,0,0,0,0,0,0,0,0,0,0,0,0,0,0,0,0,0,0,0,0,0,0,0,0,0,0,0,0,0,0,0,0,0,0,0,0,0,0,0,0,0,0,0,0,0,0,0,0,0,0,0,0,0,0,0,0,0,0,0
,0075,KC09-23,76,6,0,1,4,0,0,1,0,0,0,0,0,0,0,0,0,0,0,0,0,0,0,3,3,0,0,0,2,3,0,0,1,5,1,0,0,0,0,0,0,0,0,4,2,0,0,0,0,2,2,2,0,3,2,0,1,1,1,0,0,10,0,0,0,0,0,0,0,0,0,0,0,0,0,0,0,0,0,0,0,0,0,0,0,0,0,0,0,0,0,3,1,0,0,0,2,1,1,2,0,2,0,0,12,0,0,0,0,0,0,0,0,0,0,0,0,0,0,0,0,0,0,0,0,0,0,0,0,0,0,0,0,0,0,0,0,0,0,0,0,0,0,0,0,0,0,0,0,0,0,0,0,0,0,0,0,0,0,0,0,0,0,0,0,0,0,0,0,0,0,0,0
,0076,KC09-24,39,1,0,Redacted,Redacted,Redacted,Redacted,Redacted,Redacted,Redacted,Redacted,Redacted,Redacted,Redacted,Redacted,Redacted,Redacted,Redacted,Redacted,Redacted,Redacted,Redacted,Redacted,Redacted,Redacted,Redacted,Redacted,Redacted,Redacted,Redacted,Redacted,Redacted,Redacted,Redacted,Redacted,Redacted,Redacted,Redacted,Redacted,Redacted,Redacted,Redacted,Redacted,Redacted,Redacted,Redacted,Redacted,Redacted,Redacted,Redacted,Redacted,Redacted,Redacted,Redacted,Redacted,Redacted,Redacted,Redacted,Redacted,Redacted,Redacted,Redacted,Redacted,Redacted,Redacted,Redacted,Redacted,Redacted,Redacted,Redacted,Redacted,Redacted,Redacted,Redacted,Redacted,Redacted,Redacted,Redacted,Redacted,Redacted,Redacted,Redacted,Redacted,Redacted,Redacted,Redacted,Redacted,Redacted,Redacted,Redacted,Redacted,Redacted,Redacted,Redacted,Redacted,Redacted,Redacted,Redacted,Redacted,Redacted,Redacted,Redacted,Redacted,Redacted,Redacted,Redacted,Redacted,Redacted,Redacted,Redacted,Redacted,Redacted,Redacted,Redacted,Redacted,Redacted,Redacted,Redacted,Redacted,Redacted,Redacted,Redacted,Redacted,Redacted,Redacted,Redacted,Redacted,Redacted,Redacted,Redacted,Redacted,Redacted,Redacted,Redacted,Redacted,Redacted,Redacted,Redacted,Redacted,Redacted,Redacted,Redacted,Redacted,Redacted,Redacted,Redacted,Redacted,Redacted,Redacted,Redacted,Redacted,Redacted,Redacted,Redacted,Redacted,Redacted,Redacted,Redacted,Redacted,Redacted,Redacted,Redacted,Redacted,Redacted,Redacted,Redacted,Redacted,Redacted,Redacted,Redacted,Redacted,Redacted,Redacted
,0077,KC09-25,1115,151,0,98,50,0,0,3,0,0,0,0,0,0,0,0,0,0,0,0,0,0,0,0,0,0,0,0,66,74,0,0,11,73,67,2,0,9,0,0,0,0,0,0,0,0,0,0,48,56,43,32,25,70,24,60,48,54,26,2,4,112,0,0,0,0,0,0,0,0,0,0,0,0,0,0,0,0,0,0,0,0,0,0,0,0,0,0,0,0,0,32,53,15,30,61,70,61,41,20,55,49,0,4,113,0,0,0,0,0,0,0,0,0,0,0,0,0,0,0,0,0,0,0,0,0,0,0,0,0,0,0,0,0,0,0,0,0,0,0,0,0,0,0,0,0,0,0,0,0,0,0,0,0,0,0,0,0,0,0,0,0,0,0,0,0,0,0,0,0,0,0,0
,0078,KC10-01,877,99,1,49,48,0,0,2,0,0,0,0,0,0,0,0,0,0,0,0,0,0,0,0,0,0,0,0,67,24,0,0,8,44,51,0,0,4,18,78,0,0,3,0,0,0,0,0,32,25,13,22,2,28,4,36,47,44,17,0,0,126,0,0,0,0,0,0,0,0,0,0,0,0,0,0,0,0,0,0,0,0,0,0,0,0,0,0,0,0,0,29,31,16,9,37,26,56,27,9,41,20,0,0,95,0,0,0,0,0,0,0,0,0,0,0,0,0,0,0,0,0,0,0,0,0,0,0,0,0,0,0,0,0,0,0,0,0,0,0,0,0,0,0,0,0,0,0,0,0,0,0,0,0,0,0,0,0,0,0,0,0,0,0,0,0,0,0,0,0,0,0,0
,0079,KC10-02,829,118,0,72,43,1,0,2,0,0,0,0,0,0,0,0,0,0,56,59,0,0,3,0,0,0,0,0,67,41,1,0,9,50,59,0,0,9,29,84,0,0,5,0,0,0,0,0,43,35,20,30,8,28,7,55,47,46,18,7,0,128,0,0,0,0,0,0,0,0,0,0,0,0,0,0,0,0,0,0,0,0,0,0,0,0,0,0,0,0,0,23,33,22,12,44,51,56,19,12,57,17,6,0,120,0,0,0,0,0,0,0,0,0,0,0,0,0,0,0,0,0,0,0,0,0,0,0,0,0,0,0,0,0,0,0,0,0,0,0,0,0,0,0,0,0,0,0,0,0,0,0,0,0,0,0,0,0,0,0,0,0,0,0,0,0,0,0,0,0,0,0,0
,0080,KC10-03,62,6,0,2,4,0,0,0,0,0,0,0,0,0,0,0,0,0,3,3,0,0,0,0,0,0,0,0,5,1,0,0,0,2,3,0,0,1,2,4,0,0,0,0,0,0,0,0,0,2,2,1,0,2,0,1,3,2,2,0,0,9,0,0,0,0,0,0,0,0,0,0,0,0,0,0,0,0,0,0,0,0,0,0,0,0,0,0,0,0,0,1,0,1,0,2,3,4,2,0,2,0,0,0,9,0,0,0,0,0,0,0,0,0,0,0,0,0,0,0,0,0,0,0,0,0,0,0,0,0,0,0,0,0,0,0,0,0,0,0,0,0,0,0,0,0,0,0,0,0,0,0,0,0,0,0,0,0,0,0,0,0,0,0,0,0,0,0,0,0,0,0,0
,0081,KC10-04,602,77,0,49,28,0,0,0,0,0,0,0,0,0,0,0,0,0,45,30,0,0,2,0,0,0,0,0,34,42,0,0,1,42,34,0,0,1,27,49,0,0,1,0,0,0,0,0,30,18,14,22,7,30,7,25,29,29,12,0,0,85,0,0,0,0,0,0,0,0,0,0,0,0,0,0,0,0,0,0,0,0,0,0,0,0,0,0,0,0,0,15,15,13,17,27,32,32,26,6,35,22,0,0,68,0,0,0,0,0,0,0,0,0,0,0,0,0,0,0,0,0,0,0,0,0,0,0,0,0,0,0,0,0,0,0,0,0,0,0,0,0,0,0,0,0,0,0,0,0,0,0,0,0,0,0,0,0,0,0,0,0,0,0,0,0,0,0,0,0,0,0,0
,0082,KC10-05,974,153,0,110,35,1,0,7,0,0,0,0,0,0,0,0,0,0,109,40,0,0,4,0,0,0,0,0,50,91,1,0,11,96,48,3,0,6,61,80,1,0,11,0,0,0,0,0,57,52,28,37,23,43,22,51,48,52,40,4,0,155,0,0,0,0,0,0,0,0,0,0,0,0,0,0,0,0,0,0,0,0,0,0,0,0,0,0,0,0,0,31,56,25,52,41,62,69,30,25,54,36,0,4,127,0,0,0,0,0,0,0,0,0,0,0,0,0,0,0,0,0,0,0,0,0,0,0,0,0,0,0,0,0,0,0,0,0,0,0,0,0,0,0,0,0,0,0,0,0,0,0,0,0,0,0,0,0,0,0,0,0,0,0,0,0,0,0,0,0,0,0,0
,0083,KC10-06,337,43,0,21,20,0,0,2,0,0,0,0,0,0,0,0,0,0,24,14,3,0,2,0,0,0,0,0,28,14,0,0,1,16,20,3,0,4,12,27,1,0,3,0,0,0,0,0,22,10,9,11,7,15,12,12,9,18,6,0,4,37,0,0,0,0,0,0,0,0,0,0,0,0,0,0,0,0,0,0,0,0,0,0,0,0,0,0,0,0,0,9,11,6,9,15,15,20,2,7,21,7,0,8,42,0,0,0,0,0,0,0,0,0,0,0,0,0,0,0,0,0,0,0,0,0,0,0,0,0,0,0,0,0,0,0,0,0,0,0,0,0,0,0,0,0,0,0,0,0,0,0,0,0,0,0,0,0,0,0,0,0,0,0,0,0,0,0,0,0,0,0,0
,0084,KC10-07,226,28,0,18,9,1,0,0,0,0,0,0,0,0,0,0,0,0,15,13,0,0,0,0,0,0,0,0,12,13,1,0,2,12,14,0,0,2,11,16,0,0,1,0,0,0,0,0,13,10,5,8,2,4,2,12,11,17,5,0,0,23,0,0,0,0,0,0,0,0,0,0,0,0,0,0,0,0,0,0,0,0,0,0,0,0,0,0,0,0,0,9,8,3,5,12,12,8,8,4,16,4,0,4,19,0,0,0,0,0,0,0,0,0,0,0,0,0,0,0,0,0,0,0,0,0,0,0,0,0,0,0,0,0,0,0,0,0,0,0,0,0,0,0,0,0,0,0,0,0,0,0,0,0,0,0,0,0,0,0,0,0,0,0,0,0,0,0,0,0,0,0,0
,0085,KC11-01,921,118,0,53,62,1,0,2,0,0,0,0,0,0,0,0,0,0,0,0,0,0,0,0,0,0,0,0,66,46,0,0,6,41,70,1,0,6,36,80,0,0,2,0,0,0,0,0,51,32,18,29,10,40,6,43,48,52,16,0,0,127,0,0,0,0,0,0,0,0,0,0,0,0,0,0,0,0,0,0,0,0,0,0,0,0,0,0,0,0,0,36,31,21,21,38,37,50,29,18,48,25,0,0,118,0,0,0,0,0,0,0,0,0,0,0,0,0,0,0,0,0,0,0,0,0,0,0,0,0,0,0,0,0,0,0,0,0,0,0,0,0,0,0,0,0,0,0,0,0,0,0,0,0,0,0,0,0,0,0,0,0,0,0,0,0,0,0,0,0,0,0,0
,0086,KC11-02,821,112,0,57,52,0,0,3,0,0,0,0,0,0,0,0,0,0,0,0,0,0,0,0,0,0,0,0,62,37,0,0,13,43,59,0,0,10,31,75,0,0,6,0,0,0,0,0,52,27,17,21,7,23,11,39,43,45,19,4,0,140,0,0,0,0,0,0,0,0,0,0,0,0,0,0,0,0,0,0,0,0,0,0,0,0,0,0,0,0,0,29,27,12,16,34,39,61,27,17,49,32,2,0,103,0,0,0,0,0,0,0,0,0,0,0,0,0,0,0,0,0,0,0,0,0,0,0,0,0,0,0,0,0,0,0,0,0,0,0,0,0,0,0,0,0,0,0,0,0,0,0,0,0,0,0,0,0,0,0,0,0,0,0,0,0,0,0,0,0,0,0,0
,0087,KC11-03,1043,185,0,85,93,3,0,4,0,0,0,0,0,0,0,0,0,0,0,0,0,0,0,0,0,0,0,0,92,79,4,0,10,72,101,5,0,7,63,119,1,0,2,0,0,0,0,0,85,60,26,41,14,60,33,71,72,75,35,7,0,161,0,0,0,0,0,0,0,0,0,0,0,0,0,0,0,0,0,0,0,0,0,0,0,0,0,0,0,0,0,62,49,35,38,59,55,72,49,22,79,59,8,0,153,0,0,0,0,0,0,0,0,0,0,0,0,0,0,0,0,0,0,0,0,0,0,0,0,0,0,0,0,0,0,0,0,0,0,0,0,0,0,0,0,0,0,0,0,0,0,0,0,0,0,0,0,0,0,0,0,0,0,0,0,0,0,0,0,0,0,0,0
,0088,KC11-04,940,108,0,52,46,0,0,10,0,0,0,0,0,0,0,0,0,0,58,46,0,0,4,0,0,0,0,0,49,49,1,0,9,56,44,0,1,7,35,65,1,0,7,0,0,0,0,0,41,36,28,30,13,29,20,41,27,39,25,0,0,103,0,0,0,0,0,0,0,0,0,0,0,0,0,0,0,0,0,0,0,0,0,0,0,0,0,0,0,0,0,18,36,19,16,37,34,49,28,18,48,32,1,8,88,0,0,0,0,0,0,0,0,0,0,0,0,0,0,0,0,0,0,0,0,0,0,0,0,0,0,0,0,0,0,0,0,0,0,0,0,0,0,0,0,0,0,0,0,0,0,0,0,0,0,0,0,0,0,0,0,0,0,0,0,0,0,0,0,0,0,0,0
,0089,KC11-05,1107,95,0,41,47,4,0,3,0,0,0,0,0,0,0,0,0,0,0,0,0,0,0,0,0,0,0,0,49,33,0,0,13,46,39,3,0,7,39,49,0,0,7,0,0,0,0,0,33,32,19,18,16,33,18,35,27,36,12,1,4,96,0,0,0,0,0,0,0,0,0,0,0,0,0,0,0,0,0,0,0,0,0,0,0,0,0,0,0,0,0,23,21,15,17,28,35,36,25,10,35,30,0,0,105,0,0,0,0,0,0,0,0,0,0,0,0,0,0,0,0,0,0,0,0,0,0,0,0,0,0,0,0,0,0,0,0,0,0,0,0,0,0,0,0,0,0,0,0,0,0,0,0,0,0,0,0,0,0,0,0,0,0,0,0,0,0,0,0,0,0,0,0
,0090,KC11-06,760,103,0,61,41,1,0,0,0,0,0,0,0,0,0,0,0,0,0,0,0,0,0,0,0,0,0,0,52,44,0,0,7,45,53,1,0,4,34,65,0,0,4,0,0,0,0,0,42,28,10,24,11,38,14,32,34,45,23,1,4,106,0,0,0,0,0,0,0,0,0,0,0,0,0,0,0,0,0,0,0,0,0,0,0,0,0,0,0,0,0,25,36,9,11,28,34,49,27,6,55,18,0,0,114,0,0,0,0,0,0,0,0,0,0,0,0,0,0,0,0,0,0,0,0,0,0,0,0,0,0,0,0,0,0,0,0,0,0,0,0,0,0,0,0,0,0,0,0,0,0,0,0,0,0,0,0,0,0,0,0,0,0,0,0,0,0,0,0,0,0,0,0
,0091,KC11-07,608,85,0,51,31,1,0,2,0,0,0,0,0,0,0,0,0,0,0,0,0,0,0,0,0,0,0,0,37,41,1,0,6,41,37,0,0,7,32,45,0,0,8,0,0,0,0,0,31,25,19,19,10,29,12,33,40,36,14,0,0,72,8,3,6,8,8,0,0,27,0,0,0,0,0,0,0,0,0,0,0,0,0,0,0,0,0,0,0,0,0,21,20,19,17,19,22,37,22,13,29,12,0,0,57,0,0,0,0,0,0,0,0,0,0,0,0,0,0,0,0,0,0,0,0,0,0,0,0,0,0,0,0,0,0,0,0,0,0,0,0,0,0,0,0,0,0,0,0,0,0,0,0,0,0,0,0,0,0,0,0,0,0,0,0,0,0,0,0,0,0,0,0
,0092,KC11-08,987,84,0,43,37,0,0,4,0,0,0,0,0,0,0,0,0,0,0,0,0,0,0,0,0,0,0,0,46,28,0,0,10,32,46,0,0,6,0,0,0,0,0,0,0,0,0,0,35,15,16,20,9,25,11,42,26,32,18,0,0,87,0,0,0,0,0,0,0,0,0,0,0,0,0,0,0,0,0,0,0,0,0,0,0,0,0,0,0,0,0,18,23,18,11,27,23,35,23,8,39,27,0,0,84,0,0,0,0,0,0,0,0,0,0,0,0,0,0,0,0,0,0,0,0,0,0,0,0,0,0,0,0,0,0,0,0,0,0,0,0,0,0,0,0,0,0,0,0,0,0,0,0,0,0,0,0,0,0,0,0,0,0,0,0,0,0,0,0,0,0,0,0
,0093,KC11-09,493,61,0,25,30,0,0,6,0,0,0,0,0,0,0,0,0,0,0,0,0,0,0,0,0,0,0,0,27,25,0,0,9,22,28,3,0,8,0,0,0,0,0,0,0,0,0,0,23,16,13,10,10,19,8,21,24,18,11,0,0,71,0,0,0,0,0,0,0,0,0,0,0,0,0,0,0,0,0,0,0,0,0,0,0,0,0,0,0,0,0,19,18,6,12,19,18,28,21,9,19,8,0,0,67,0,0,0,0,0,0,0,0,0,0,0,0,0,0,0,0,0,0,0,0,0,0,0,0,0,0,0,0,0,0,0,0,0,0,0,0,0,0,0,0,0,0,0,0,0,0,0,0,0,0,0,0,0,0,0,0,0,0,0,0,0,0,0,0,0,0,0,0
,0094,KC11-10,687,151,0,82,60,2,0,7,0,0,0,0,0,0,0,0,0,0,0,0,0,0,0,0,0,0,0,0,69,68,0,0,14,68,73,1,0,9,0,0,0,0,0,0,0,0,0,0,60,63,21,32,13,63,17,55,63,67,23,4,0,123,0,0,0,0,0,0,0,0,0,0,0,0,0,0,0,0,0,0,0,0,0,0,0,0,0,0,0,0,0,29,45,19,41,40,68,81,41,19,61,45,1,4,110,0,0,0,0,0,0,0,0,0,0,0,0,0,0,0,0,0,0,0,0,0,0,0,0,0,0,0,0,0,0,0,0,0,0,0,0,0,0,0,0,0,0,0,0,0,0,0,0,0,0,0,0,0,0,0,0,0,0,0,0,0,0,0,0,0,0,0,0
,0095,KC11-11,858,216,0,137,75,0,0,4,0,0,0,0,0,0,0,0,0,0,0,0,0,0,0,0,0,0,0,0,70,122,0,0,24,109,87,3,0,17,0,0,0,0,0,0,0,0,0,0,69,81,43,52,29,89,41,77,48,76,40,1,0,218,0,0,0,0,0,0,0,0,0,0,0,0,0,0,0,0,0,0,0,0,0,0,0,0,0,0,0,0,0,59,71,31,54,53,91,99,69,34,57,40,2,0,204,0,0,0,0,0,0,0,0,0,0,0,0,0,0,0,0,0,0,0,0,0,0,0,0,0,0,0,0,0,0,0,0,0,0,0,0,0,0,0,0,0,0,0,0,0,0,0,0,0,0,0,0,0,0,0,0,0,0,0,0,0,0,0,0,0,0,0,0
,0096,KC11-12,240,50,0,31,19,0,0,0,0,0,0,0,0,0,0,0,0,0,0,0,0,0,0,0,0,0,0,0,17,31,0,0,2,26,22,2,0,0,0,0,0,0,0,0,0,0,0,0,26,20,8,13,4,19,8,16,13,14,6,0,0,53,0,0,0,0,0,0,0,0,0,0,0,0,0,0,0,0,0,0,0,0,0,0,0,0,0,0,0,0,0,12,5,6,9,11,24,11,17,12,17,12,0,0,64,0,0,0,0,0,0,0,0,0,0,0,0,0,0,0,0,0,0,0,0,0,0,0,0,0,0,0,0,0,0,0,0,0,0,0,0,0,0,0,0,0,0,0,0,0,0,0,0,0,0,0,0,0,0,0,0,0,0,0,0,0,0,0,0,0,0,0,0
,0097,KC11-13,158,26,0,18,6,0,0,2,0,0,0,0,0,0,0,0,0,0,0,0,0,0,0,0,0,0,0,0,7,16,0,0,3,8,16,0,0,2,0,0,0,0,0,0,0,0,0,0,4,9,2,4,1,10,4,9,8,10,6,0,0,37,0,0,0,0,0,0,0,0,0,0,0,0,0,0,0,0,0,0,0,0,0,0,0,0,0,0,0,0,0,4,9,0,8,8,12,9,4,3,8,5,0,0,34,0,0,0,0,0,0,0,0,0,0,0,0,0,0,0,0,0,0,0,0,0,0,0,0,0,0,0,0,0,0,0,0,0,0,0,0,0,0,0,0,0,0,0,0,0,0,0,0,0,0,0,0,0,0,0,0,0,0,0,0,0,0,0,0,0,0,0,0
,0098,KC11-14,272,39,0,19,17,1,0,2,0,0,0,0,0,0,0,0,0,0,0,0,0,0,0,0,0,0,0,0,13,24,0,0,2,21,16,0,0,2,0,0,0,0,0,0,0,0,0,0,19,16,16,5,5,17,8,14,14,12,8,0,0,22,0,0,0,0,0,0,0,0,0,0,0,0,0,0,0,0,0,0,0,0,0,0,0,0,0,0,0,0,0,13,12,2,11,14,8,27,13,3,8,11,0,0,34,0,0,0,0,0,0,0,0,0,0,0,0,0,0,0,0,0,0,0,0,0,0,0,0,0,0,0,0,0,0,0,0,0,0,0,0,0,0,0,0,0,0,0,0,0,0,0,0,0,0,0,0,0,0,0,0,0,0,0,0,0,0,0,0,0,0,0,0
,0099,KC11-15,290,45,0,26,18,0,0,1,0,0,0,0,0,0,0,0,0,0,0,0,0,0,0,0,0,0,0,0,21,18,0,0,6,16,23,0,0,6,0,0,0,0,0,0,0,0,0,0,17,18,10,7,3,20,5,19,12,22,6,1,0,40,0,0,0,0,0,0,0,0,0,0,0,0,0,0,0,0,0,0,0,0,0,0,0,0,0,0,0,0,0,14,13,3,10,18,20,27,15,6,19,12,0,0,23,0,0,0,0,0,0,0,0,0,0,0,0,0,0,0,0,0,0,0,0,0,0,0,0,0,0,0,0,0,0,0,0,0,0,0,0,0,0,0,0,0,0,0,0,0,0,0,0,0,0,0,0,0,0,0,0,0,0,0,0,0,0,0,0,0,0,0,0
,0100,KC11-16,94,14,0,8,5,1,0,0,0,0,0,0,0,0,0,0,0,0,0,0,0,0,0,0,0,0,0,0,7,5,0,0,2,6,5,1,0,2,0,0,0,0,0,0,0,0,0,0,5,5,1,2,0,7,3,4,8,4,6,0,0,11,0,0,0,0,0,0,0,0,0,0,0,0,0,0,0,0,0,0,0,0,0,0,0,0,0,0,0,0,0,4,5,2,3,2,2,6,3,3,5,4,0,0,17,0,0,0,0,0,0,0,0,0,0,0,0,0,0,0,0,0,0,0,0,0,0,0,0,0,0,0,0,0,0,0,0,0,0,0,0,0,0,0,0,0,0,0,0,0,0,0,0,0,0,0,0,0,0,0,0,0,0,0,0,0,0,0,0,0,0,0,0
,0101,KC11-17,18,5,0,Redacted,Redacted,Redacted,Redacted,Redacted,Redacted,Redacted,Redacted,Redacted,Redacted,Redacted,Redacted,Redacted,Redacted,Redacted,Redacted,Redacted,Redacted,Redacted,Redacted,Redacted,Redacted,Redacted,Redacted,Redacted,Redacted,Redacted,Redacted,Redacted,Redacted,Redacted,Redacted,Redacted,Redacted,Redacted,Redacted,Redacted,Redacted,Redacted,Redacted,Redacted,Redacted,Redacted,Redacted,Redacted,Redacted,Redacted,Redacted,Redacted,Redacted,Redacted,Redacted,Redacted,Redacted,Redacted,Redacted,Redacted,Redacted,Redacted,Redacted,Redacted,Redacted,Redacted,Redacted,Redacted,Redacted,Redacted,Redacted,Redacted,Redacted,Redacted,Redacted,Redacted,Redacted,Redacted,Redacted,Redacted,Redacted,Redacted,Redacted,Redacted,Redacted,Redacted,Redacted,Redacted,Redacted,Redacted,Redacted,Redacted,Redacted,Redacted,Redacted,Redacted,Redacted,Redacted,Redacted,Redacted,Redacted,Redacted,Redacted,Redacted,Redacted,Redacted,Redacted,Redacted,Redacted,Redacted,Redacted,Redacted,Redacted,Redacted,Redacted,Redacted,Redacted,Redacted,Redacted,Redacted,Redacted,Redacted,Redacted,Redacted,Redacted,Redacted,Redacted,Redacted,Redacted,Redacted,Redacted,Redacted,Redacted,Redacted,Redacted,Redacted,Redacted,Redacted,Redacted,Redacted,Redacted,Redacted,Redacted,Redacted,Redacted,Redacted,Redacted,Redacted,Redacted,Redacted,Redacted,Redacted,Redacted,Redacted,Redacted,Redacted,Redacted,Redacted,Redacted,Redacted,Redacted,Redacted,Redacted,Redacted,Redacted,Redacted,Redacted,Redacted,Redacted,Redacted,Redacted,Redacted,Redacted
,0102,KC12-01,961,135,1,97,27,1,0,10,0,0,0,0,0,56,53,22,0,4,0,0,0,0,0,0,0,0,0,0,35,81,0,0,19,79,40,2,0,14,0,0,0,0,0,47,76,0,0,12,52,34,14,26,21,35,20,40,35,42,43,0,0,178,0,0,0,0,0,0,0,0,0,0,0,0,0,0,0,0,0,0,0,0,0,0,0,0,0,0,0,0,0,37,47,24,38,37,71,23,32,25,33,33,0,0,140,0,0,0,0,0,0,0,0,0,0,0,0,0,0,0,0,0,0,0,0,0,0,0,0,0,0,0,0,0,0,0,0,0,0,0,0,0,0,0,0,0,0,0,0,0,0,0,0,0,0,0,0,0,0,0,0,0,0,0,0,0,0,0,0,0,0,0,0
,0103,KC12-02,719,27,0,24,3,0,0,0,0,0,0,0,0,8,16,2,0,1,0,0,0,0,0,0,0,0,0,0,6,21,0,0,0,22,5,0,0,0,0,0,0,0,0,8,19,0,0,0,16,9,4,9,3,7,3,7,11,8,9,0,4,18,0,0,0,0,0,0,0,0,0,0,0,0,0,0,0,0,0,0,0,0,0,0,0,0,0,0,0,0,0,9,8,6,8,9,16,4,8,4,10,10,0,0,16,0,0,0,0,0,0,0,0,0,0,0,0,0,0,0,0,0,0,0,0,0,0,0,0,0,0,0,0,0,0,0,0,0,0,0,0,0,0,0,0,0,0,0,0,0,0,0,0,0,0,0,0,0,0,0,0,0,0,0,0,0,0,0,0,0,0,0,0
,0104,KC12-03,993,78,0,55,20,1,0,2,0,0,0,0,0,27,39,12,0,0,0,0,0,0,0,0,0,0,0,0,17,55,0,0,6,55,19,0,0,4,0,0,0,0,0,35,37,0,0,6,30,20,14,24,8,23,19,24,22,20,15,0,0,93,0,0,0,0,0,0,0,0,0,0,0,0,0,0,0,0,0,0,0,0,0,0,0,0,0,0,0,0,0,17,21,13,21,21,32,11,18,12,19,21,1,0,105,0,0,0,0,0,0,0,0,0,0,0,0,0,0,0,0,0,0,0,0,0,0,0,0,0,0,0,0,0,0,0,0,0,0,0,0,0,0,0,0,0,0,0,0,0,0,0,0,0,0,0,0,0,0,0,0,0,0,0,0,0,0,0,0,0,0,0,0
,0105,KC12-04,955,139,0,78,39,10,0,12,0,0,0,0,0,46,54,35,0,4,0,0,0,0,0,0,0,0,0,0,28,90,3,0,18,76,41,3,0,19,0,0,0,0,0,53,74,1,0,11,44,69,18,13,30,33,58,35,35,35,21,6,0,159,73,26,75,85,82,5,0,166,0,0,0,0,0,0,0,0,0,0,0,0,0,0,0,0,0,0,0,0,0,2,1,2,4,2,2,0,4,1,0,1,1,0,36,0,0,0,0,0,0,0,0,0,0,0,0,0,0,0,0,0,0,0,0,0,0,0,0,0,0,0,0,0,0,0,0,0,0,0,0,0,0,0,0,0,0,0,0,0,0,0,0,0,0,0,0,0,0,0,0,0,0,0,0,0,0,0,0,0,0,0,0
,0106,KC12-05,472,53,0,35,12,0,0,6,0,0,0,0,0,0,0,0,0,0,0,0,0,0,0,26,25,0,0,2,9,38,0,0,6,36,14,0,0,3,0,0,0,0,0,15,34,0,0,4,10,16,9,6,6,15,16,15,5,20,15,0,0,79,31,13,29,34,40,0,0,65,0,0,0,0,0,0,0,0,0,0,0,0,0,0,0,0,0,0,0,0,0,0,0,0,0,0,0,0,0,0,0,0,0,0,0,0,0,0,0,0,0,0,0,0,0,0,0,0,0,0,0,0,0,0,0,0,0,0,0,0,0,0,0,0,0,0,0,0,0,0,0,0,0,0,0,0,0,0,0,0,0,0,0,0,0,0,0,0,0,0,0,0,0,0,0,0,0,0,0,0,0,0,0
,0107,KC12-06,883,96,0,55,26,6,0,9,0,0,0,0,0,0,0,0,0,0,0,0,0,0,0,38,48,4,0,6,22,62,1,0,11,61,19,4,0,12,0,0,0,0,0,43,44,1,0,8,27,39,18,17,20,30,33,20,27,30,19,0,0,104,56,23,57,71,64,2,0,111,0,0,0,0,0,0,0,0,0,0,0,0,0,0,0,0,0,0,0,0,0,0,0,0,0,0,0,0,0,0,0,0,0,0,0,0,0,0,0,0,0,0,0,0,0,0,0,0,0,0,0,0,0,0,0,0,0,0,0,0,0,0,0,0,0,0,0,0,0,0,0,0,0,0,0,0,0,0,0,0,0,0,0,0,0,0,0,0,0,0,0,0,0,0,0,0,0,0,0,0,0,0,0
,0108,KC12-07,924,104,0,55,34,1,0,14,0,0,0,0,0,0,0,0,0,0,0,0,0,0,0,45,54,1,0,4,23,62,1,0,18,62,26,1,0,15,0,0,0,0,0,43,54,0,0,7,42,36,32,15,17,35,30,23,20,35,16,0,0,115,61,29,61,73,62,0,0,130,0,0,0,0,0,0,0,0,0,0,0,0,0,0,0,0,0,0,0,0,0,0,0,0,0,0,0,0,0,0,0,0,0,0,0,0,0,0,0,0,0,0,0,0,0,0,0,0,0,0,0,0,0,0,0,0,0,0,0,0,0,0,0,0,0,0,0,0,0,0,0,0,0,0,0,0,0,0,0,0,0,0,0,0,0,0,0,0,0,0,0,0,0,0,0,0,0,0,0,0,0,0,0
,0109,KC12-08,604,84,0,57,21,0,0,6,0,0,0,0,0,0,0,0,0,0,0,0,0,0,0,38,45,0,0,1,11,68,0,0,5,57,23,0,0,4,0,0,0,0,0,34,47,0,0,3,18,49,22,10,27,28,38,18,9,27,13,0,0,77,50,12,60,69,62,0,0,83,0,0,0,0,0,0,0,0,0,0,0,0,0,0,0,0,0,0,0,0,0,0,0,0,0,0,0,0,0,0,0,0,0,0,0,0,0,0,0,0,0,0,0,0,0,0,0,0,0,0,0,0,0,0,0,0,0,0,0,0,0,0,0,0,0,0,0,0,0,0,0,0,0,0,0,0,0,0,0,0,0,0,0,0,0,0,0,0,0,0,0,0,0,0,0,0,0,0,0,0,0,0,0
,0110,KC12-09,120,30,0,14,13,0,0,3,0,0,0,0,0,0,0,0,0,0,0,0,0,0,0,10,19,1,0,0,6,19,0,0,5,18,6,1,0,5,0,0,0,0,0,10,14,1,0,5,6,14,5,1,11,8,7,6,3,7,4,0,0,48,19,3,18,22,19,0,0,39,0,0,0,0,0,0,0,0,0,0,0,0,0,0,0,0,0,0,0,0,0,0,0,0,0,0,0,0,0,0,0,0,0,0,0,0,0,0,0,0,0,0,0,0,0,0,0,0,0,0,0,0,0,0,0,0,0,0,0,0,0,0,0,0,0,0,0,0,0,0,0,0,0,0,0,0,0,0,0,0,0,0,0,0,0,0,0,0,0,0,0,0,0,0,0,0,0,0,0,0,0,0,0
,0111,KC12-10,171,51,0,31,10,0,0,10,0,0,0,0,0,0,0,0,0,0,0,0,0,0,0,36,14,0,0,1,6,32,0,0,13,40,4,0,0,7,0,0,0,0,0,19,29,0,0,3,14,25,11,2,13,20,13,8,6,11,4,0,0,77,31,6,26,36,34,1,0,70,0,0,0,0,0,0,0,0,0,0,0,0,0,0,0,0,0,0,0,0,0,0,0,0,0,0,0,0,0,0,0,0,0,0,0,0,0,0,0,0,0,0,0,0,0,0,0,0,0,0,0,0,0,0,0,0,0,0,0,0,0,0,0,0,0,0,0,0,0,0,0,0,0,0,0,0,0,0,0,0,0,0,0,0,0,0,0,0,0,0,0,0,0,0,0,0,0,0,0,0,0,0,0
,0112,KC12-11,337,69,1,43,20,0,0,6,0,0,0,0,0,0,0,0,0,0,0,0,0,0,0,37,26,0,0,6,17,43,0,0,9,45,18,0,0,6,0,0,0,0,0,25,38,0,0,6,16,31,13,11,12,20,9,20,18,19,15,0,0,92,41,10,35,45,44,1,0,100,0,0,0,0,0,0,0,0,0,0,0,0,0,0,0,0,0,0,0,0,0,0,0,0,0,0,0,0,0,0,0,0,0,0,0,0,0,0,0,0,0,0,0,0,0,0,0,0,0,0,0,0,0,0,0,0,0,0,0,0,0,0,0,0,0,0,0,0,0,0,0,0,0,0,0,0,0,0,0,0,0,0,0,0,0,0,0,0,0,0,0,0,0,0,0,0,0,0,0,0,0,0,0
,0113,KC12-12,370,84,0,45,28,2,0,9,0,0,0,0,0,0,0,0,0,0,0,0,0,0,0,55,26,1,0,2,14,54,0,0,16,45,25,0,0,14,0,0,0,0,0,34,41,0,0,9,24,35,24,12,18,28,27,17,15,27,9,0,0,100,54,10,46,63,58,0,0,105,0,0,0,0,0,0,0,0,0,0,0,0,0,0,0,0,0,0,0,0,0,0,0,0,0,0,0,0,0,0,0,0,0,0,0,0,0,0,0,0,0,0,0,0,0,0,0,0,0,0,0,0,0,0,0,0,0,0,0,0,0,0,0,0,0,0,0,0,0,0,0,0,0,0,0,0,0,0,0,0,0,0,0,0,0,0,0,0,0,0,0,0,0,0,0,0,0,0,0,0,0,0,0
,0114,KC12-13,695,139,0,86,28,3,0,22,0,0,0,0,0,0,0,0,0,0,0,0,0,0,0,76,56,1,0,6,26,79,1,0,33,94,25,3,0,17,0,0,0,0,0,60,63,1,0,15,26,56,19,9,31,46,33,24,24,37,23,0,0,228,76,19,85,103,91,1,0,181,0,0,0,0,0,0,0,0,0,0,0,0,0,0,0,0,0,0,0,0,0,0,0,0,0,0,0,0,0,0,0,0,0,0,0,0,0,0,0,0,0,0,0,0,0,0,0,0,0,0,0,0,0,0,0,0,0,0,0,0,0,0,0,0,0,0,0,0,0,0,0,0,0,0,0,0,0,0,0,0,0,0,0,0,0,0,0,0,0,0,0,0,0,0,0,0,0,0,0,0,0,0,0
,0115,KC12-14,311,53,0,33,13,0,0,7,0,0,0,0,0,0,0,0,0,0,0,0,0,0,0,24,29,0,0,0,12,33,0,0,8,38,10,0,0,5,0,0,0,0,0,28,21,1,0,3,13,24,17,7,10,18,14,8,9,17,8,0,0,67,37,12,34,41,39,0,0,49,0,0,0,0,0,0,0,0,0,0,0,0,0,0,0,0,0,0,0,0,0,0,0,0,0,0,0,0,0,0,0,0,0,0,0,0,0,0,0,0,0,0,0,0,0,0,0,0,0,0,0,0,0,0,0,0,0,0,0,0,0,0,0,0,0,0,0,0,0,0,0,0,0,0,0,0,0,0,0,0,0,0,0,0,0,0,0,0,0,0,0,0,0,0,0,0,0,0,0,0,0,0,0
,0116,KC12-15,84,19,0,11,8,0,0,0,0,0,0,0,0,0,0,0,0,0,0,0,0,0,0,7,12,0,0,0,3,12,0,0,4,15,4,0,0,0,0,0,0,0,0,7,11,0,0,1,6,7,4,3,3,12,10,4,4,4,8,0,0,11,11,5,11,15,14,0,0,20,0,0,0,0,0,0,0,0,0,0,0,0,0,0,0,0,0,0,0,0,0,0,0,0,0,0,0,0,0,0,0,0,0,0,0,0,0,0,0,0,0,0,0,0,0,0,0,0,0,0,0,0,0,0,0,0,0,0,0,0,0,0,0,0,0,0,0,0,0,0,0,0,0,0,0,0,0,0,0,0,0,0,0,0,0,0,0,0,0,0,0,0,0,0,0,0,0,0,0,0,0,0,0
,0117,KC12-16,316,47,0,32,9,1,0,5,0,0,0,0,0,0,0,0,0,0,0,0,0,0,0,27,18,1,0,1,9,29,0,0,9,30,9,1,0,7,0,0,0,0,0,18,21,2,0,6,10,19,13,6,13,9,16,10,13,6,11,1,0,61,30,11,30,34,29,1,0,53,0,0,0,0,0,0,0,0,0,0,0,0,0,0,0,0,0,0,0,0,0,0,0,0,0,0,0,0,0,0,0,0,0,0,0,0,0,0,0,0,0,0,0,0,0,0,0,0,0,0,0,0,0,0,0,0,0,0,0,0,0,0,0,0,0,0,0,0,0,0,0,0,0,0,0,0,0,0,0,0,0,0,0,0,0,0,0,0,0,0,0,0,0,0,0,0,0,0,0,0,0,0,0
,0118,KC13-01,1013,150,0,70,75,0,0,5,0,0,0,0,0,0,0,0,0,0,0,0,0,0,0,0,0,0,0,0,66,72,0,0,12,59,81,0,0,10,49,99,0,0,2,0,0,0,0,0,43,44,27,35,19,44,12,54,53,44,31,0,0,194,0,0,0,0,0,0,0,0,0,0,0,0,0,0,0,0,0,0,0,0,0,0,0,0,0,0,0,0,0,32,42,29,34,29,55,62,29,25,45,44,0,0,174,0,0,0,0,0,0,0,0,0,0,0,0,0,0,0,0,0,0,0,0,0,0,0,0,0,0,0,0,0,0,0,0,0,0,0,0,0,0,0,0,0,0,0,0,0,0,0,0,0,0,0,0,0,0,0,0,0,0,0,0,0,0,0,0,0,0,0,0
,0119,KC13-02,835,137,0,103,26,2,0,6,0,0,0,0,0,0,0,0,0,0,0,0,0,0,0,0,0,0,0,0,44,84,0,0,9,84,43,0,0,10,62,66,0,0,9,0,0,0,0,0,63,53,34,18,17,58,16,44,42,45,25,1,4,128,0,0,0,0,0,0,0,0,0,0,0,0,0,0,0,0,0,0,0,0,0,0,0,0,0,0,0,0,0,47,34,24,35,31,63,41,38,26,31,36,3,0,139,0,0,0,0,0,0,0,0,0,0,0,0,0,0,0,0,0,0,0,0,0,0,0,0,0,0,0,0,0,0,0,0,0,0,0,0,0,0,0,0,0,0,0,0,0,0,0,0,0,0,0,0,0,0,0,0,0,0,0,0,0,0,0,0,0,0,0,0
,0120,KC13-03,470,79,0,46,31,0,0,2,0,0,0,0,0,0,0,0,0,0,0,0,0,0,0,0,0,0,0,0,27,43,1,0,8,49,24,1,0,5,36,37,0,0,6,0,0,0,0,0,28,32,10,14,14,34,21,28,23,21,9,0,0,82,0,0,0,0,0,0,0,0,0,0,0,0,0,0,0,0,0,0,0,0,0,0,0,0,0,0,0,0,0,26,19,10,21,22,26,30,22,12,28,15,0,0,85,0,0,0,0,0,0,0,0,0,0,0,0,0,0,0,0,0,0,0,0,0,0,0,0,0,0,0,0,0,0,0,0,0,0,0,0,0,0,0,0,0,0,0,0,0,0,0,0,0,0,0,0,0,0,0,0,0,0,0,0,0,0,0,0,0,0,0,0
,0121,KC13-04,456,74,1,35,35,1,0,3,0,0,0,0,0,0,0,0,0,0,0,0,0,0,0,0,0,0,0,0,40,28,0,0,6,23,44,1,0,6,21,49,0,0,4,0,0,0,0,0,35,17,8,18,7,19,2,36,30,27,19,0,0,78,0,0,0,0,0,0,0,0,0,0,0,0,0,0,0,0,0,0,0,0,0,0,0,0,0,0,0,0,0,17,15,8,16,29,22,40,17,9,45,16,0,0,62,0,0,0,0,0,0,0,0,0,0,0,0,0,0,0,0,0,0,0,0,0,0,0,0,0,0,0,0,0,0,0,0,0,0,0,0,0,0,0,0,0,0,0,0,0,0,0,0,0,0,0,0,0,0,0,0,0,0,0,0,0,0,0,0,0,0,0,0
,0122,KC13-05,126,15,0,7,7,0,0,1,0,0,0,0,0,0,0,0,0,0,0,0,0,0,0,0,0,0,0,0,7,7,0,0,1,6,7,0,0,2,7,8,0,0,0,0,0,0,0,0,8,7,1,2,3,6,6,1,4,5,3,0,0,14,0,0,0,0,0,0,0,0,0,0,0,0,0,0,0,0,0,0,0,0,0,0,0,0,0,0,0,0,0,8,4,1,4,4,9,3,2,3,6,5,0,0,11,0,0,0,0,0,0,0,0,0,0,0,0,0,0,0,0,0,0,0,0,0,0,0,0,0,0,0,0,0,0,0,0,0,0,0,0,0,0,0,0,0,0,0,0,0,0,0,0,0,0,0,0,0,0,0,0,0,0,0,0,0,0,0,0,0,0,0,0
,0123,KC13-06,220,35,0,32,3,0,0,0,0,0,0,0,0,0,0,0,0,0,0,0,0,0,0,0,0,0,0,0,11,22,0,0,2,24,10,0,0,1,21,12,0,0,2,0,0,0,0,0,13,11,8,6,7,16,4,14,7,9,7,0,0,38,0,0,0,0,0,0,0,0,0,0,0,0,0,0,0,0,0,0,0,0,0,0,0,0,0,0,0,0,0,7,7,4,12,6,22,11,4,11,7,14,0,0,35,0,0,0,0,0,0,0,0,0,0,0,0,0,0,0,0,0,0,0,0,0,0,0,0,0,0,0,0,0,0,0,0,0,0,0,0,0,0,0,0,0,0,0,0,0,0,0,0,0,0,0,0,0,0,0,0,0,0,0,0,0,0,0,0,0,0,0,0
,0124,KC13-07,541,78,0,45,28,0,0,5,0,0,0,0,0,0,0,0,0,0,0,0,0,0,0,0,0,0,0,0,25,46,0,0,7,47,25,2,0,4,34,39,1,0,4,0,0,0,0,0,22,40,26,4,16,35,22,18,18,26,12,0,0,73,0,0,0,0,0,0,0,0,0,0,0,0,0,0,0,0,0,0,0,0,0,0,0,0,0,0,0,0,0,21,24,8,25,23,25,23,23,8,22,36,0,0,74,0,0,0,0,0,0,0,0,0,0,0,0,0,0,0,0,0,0,0,0,0,0,0,0,0,0,0,0,0,0,0,0,0,0,0,0,0,0,0,0,0,0,0,0,0,0,0,0,0,0,0,0,0,0,0,0,0,0,0,0,0,0,0,0,0,0,0,0
,0125,KC13-08,645,67,1,37,26,1,0,3,0,0,0,0,0,0,0,0,0,0,0,0,0,0,0,0,0,0,0,0,32,32,0,0,3,30,34,1,0,2,27,34,1,0,5,0,0,0,0,0,28,24,14,16,13,27,11,20,24,31,7,0,4,49,0,0,0,0,0,0,0,0,0,0,0,0,0,0,0,0,0,0,0,0,0,0,0,0,0,0,0,0,0,23,17,10,20,15,32,26,12,12,18,20,0,0,63,0,0,0,0,0,0,0,0,0,0,0,0,0,0,0,0,0,0,0,0,0,0,0,0,0,0,0,0,0,0,0,0,0,0,0,0,0,0,0,0,0,0,0,0,0,0,0,0,0,0,0,0,0,0,0,0,0,0,0,0,0,0,0,0,0,0,0,0
,0126,KC13-09,868,143,0,72,62,4,0,5,0,0,0,0,0,0,0,0,0,0,0,0,0,0,0,0,0,0,0,0,73,56,3,0,11,59,66,3,1,14,38,94,2,0,9,0,0,0,0,0,52,51,23,25,18,63,16,54,57,59,24,0,0,130,0,0,0,0,0,0,0,0,0,0,0,0,0,0,0,0,0,0,0,0,0,0,0,0,0,0,0,0,0,34,39,26,25,44,61,68,28,24,75,41,3,0,104,0,0,0,0,0,0,0,0,0,0,0,0,0,0,0,0,0,0,0,0,0,0,0,0,0,0,0,0,0,0,0,0,0,0,0,0,0,0,0,0,0,0,0,0,0,0,0,0,0,0,0,0,0,0,0,0,0,0,0,0,0,0,0,0,0,0,0,0
,0127,KC13-10,93,6,0,3,3,0,0,0,0,0,0,0,0,0,0,0,0,0,0,0,0,0,0,0,0,0,0,0,1,5,0,0,0,5,1,0,0,0,2,4,0,0,0,0,0,0,0,0,4,1,2,1,0,2,0,3,3,4,1,0,0,3,0,0,0,0,0,0,0,0,0,0,0,0,0,0,0,0,0,0,0,0,0,0,0,0,0,0,0,0,0,2,3,0,2,3,0,2,2,0,6,1,0,0,3,0,0,0,0,0,0,0,0,0,0,0,0,0,0,0,0,0,0,0,0,0,0,0,0,0,0,0,0,0,0,0,0,0,0,0,0,0,0,0,0,0,0,0,0,0,0,0,0,0,0,0,0,0,0,0,0,0,0,0,0,0,0,0,0,0,0,0,0
,0128,KC13-11,708,88,0,54,31,1,0,2,0,0,0,0,0,0,0,0,0,0,0,0,0,0,0,0,0,0,0,0,37,41,2,0,8,50,31,1,0,6,32,49,1,0,6,0,0,0,0,0,29,34,17,14,11,30,12,26,20,27,14,2,0,116,0,0,0,0,0,0,0,0,0,0,0,0,0,0,0,0,0,0,0,0,0,0,0,0,0,0,0,0,0,22,18,12,11,20,24,33,20,14,27,31,4,1,116,0,0,0,0,0,0,0,0,0,0,0,0,0,0,0,0,0,0,0,0,0,0,0,0,0,0,0,0,0,0,0,0,0,0,0,0,0,0,0,0,0,0,0,0,0,0,0,0,0,0,0,0,0,0,0,0,0,0,0,0,0,0,0,0,0,0,0,0
,0129,KC13-12,602,61,0,31,27,1,0,2,0,0,0,0,0,0,0,0,0,0,0,0,0,0,0,0,0,0,0,0,22,37,0,0,2,37,20,0,0,4,24,35,0,0,2,0,0,0,0,0,15,17,12,13,4,18,4,27,16,33,13,0,0,72,0,0,0,0,0,0,0,0,0,0,0,0,0,0,0,0,0,0,0,0,0,0,0,0,0,0,0,0,0,15,18,9,19,17,22,18,23,7,18,14,1,0,63,0,0,0,0,0,0,0,0,0,0,0,0,0,0,0,0,0,0,0,0,0,0,0,0,0,0,0,0,0,0,0,0,0,0,0,0,0,0,0,0,0,0,0,0,0,0,0,0,0,0,0,0,0,0,0,0,0,0,0,0,0,0,0,0,0,0,0,0
,0130,KC13-13,280,48,0,22,22,2,0,2,0,0,0,0,0,0,0,0,0,0,0,0,0,0,0,0,0,0,0,0,26,17,0,0,5,18,25,1,0,4,24,21,0,0,3,0,0,0,0,0,23,15,4,10,10,11,6,13,17,20,5,0,0,58,0,0,0,0,0,0,0,0,0,0,0,0,0,0,0,0,0,0,0,0,0,0,0,0,0,0,0,0,0,16,9,7,5,11,15,21,15,8,22,15,0,0,48,0,0,0,0,0,0,0,0,0,0,0,0,0,0,0,0,0,0,0,0,0,0,0,0,0,0,0,0,0,0,0,0,0,0,0,0,0,0,0,0,0,0,0,0,0,0,0,0,0,0,0,0,0,0,0,0,0,0,0,0,0,0,0,0,0,0,0,0
,0131,KC14-01,910,165,0,116,42,3,0,4,0,0,0,0,0,0,0,0,0,0,0,0,0,0,0,0,0,0,0,0,28,126,1,0,10,114,40,4,0,7,88,61,1,0,15,0,0,0,0,0,58,82,44,26,33,59,37,40,37,47,34,0,4,159,0,0,0,0,0,0,0,0,0,0,0,0,0,0,0,0,0,0,0,0,0,0,0,0,0,0,0,0,0,54,38,23,41,36,73,50,44,17,35,42,0,0,207,0,0,0,0,0,0,0,0,0,0,0,0,0,0,0,0,0,0,0,0,0,0,0,0,0,0,0,0,0,0,0,0,0,0,0,0,0,0,0,0,0,0,0,0,0,0,0,0,0,0,0,0,0,0,0,0,0,0,0,0,0,0,0,0,0,0,0,0
,0132,KC14-02,464,95,0,50,37,2,0,6,0,0,0,0,0,0,0,0,0,0,0,0,0,0,0,0,0,0,0,0,41,49,0,0,5,52,34,1,0,8,47,46,0,0,2,0,0,0,0,0,36,38,31,14,15,45,19,25,24,30,15,1,0,87,0,0,0,0,0,0,0,0,0,0,0,0,0,0,0,0,0,0,0,0,0,0,0,0,0,0,0,0,0,34,22,12,18,26,28,37,28,17,26,30,1,4,97,0,0,0,0,0,0,0,0,0,0,0,0,0,0,0,0,0,0,0,0,0,0,0,0,0,0,0,0,0,0,0,0,0,0,0,0,0,0,0,0,0,0,0,0,0,0,0,0,0,0,0,0,0,0,0,0,0,0,0,0,0,0,0,0,0,0,0,0
,0133,KC14-03,417,85,0,51,31,1,0,2,0,0,0,0,0,0,0,0,0,0,0,0,0,0,0,0,0,0,0,0,28,48,0,0,9,42,35,2,0,6,40,41,0,0,4,0,0,0,0,0,34,27,21,12,15,36,13,20,26,29,8,1,0,98,0,0,0,0,0,0,0,0,0,0,0,0,0,0,0,0,0,0,0,0,0,0,0,0,0,0,0,0,0,24,30,11,18,17,32,33,16,26,25,23,2,0,83,0,0,0,0,0,0,0,0,0,0,0,0,0,0,0,0,0,0,0,0,0,0,0,0,0,0,0,0,0,0,0,0,0,0,0,0,0,0,0,0,0,0,0,0,0,0,0,0,0,0,0,0,0,0,0,0,0,0,0,0,0,0,0,0,0,0,0,0
,0134,KC14-04,795,143,0,82,54,1,0,6,0,0,0,0,0,0,0,0,0,0,0,0,0,0,0,0,0,0,0,0,56,69,1,0,17,65,51,2,0,25,49,83,1,0,10,0,0,0,0,0,60,59,34,32,16,51,19,37,49,51,28,1,0,135,0,0,0,0,0,0,0,0,0,0,0,0,0,0,0,0,0,0,0,0,0,0,0,0,0,0,0,0,0,37,39,25,33,28,61,57,28,29,52,36,2,4,141,0,0,0,0,0,0,0,0,0,0,0,0,0,0,0,0,0,0,0,0,0,0,0,0,0,0,0,0,0,0,0,0,0,0,0,0,0,0,0,0,0,0,0,0,0,0,0,0,0,0,0,0,0,0,0,0,0,0,0,0,0,0,0,0,0,0,0,0
,0135,KC14-05,734,119,0,74,39,3,0,3,0,0,0,0,0,0,0,0,0,0,0,0,0,0,0,0,0,0,0,0,38,75,1,0,5,65,44,4,0,6,49,62,3,0,5,0,0,0,0,0,43,56,31,16,19,47,17,34,35,37,18,0,0,123,0,0,0,0,0,0,0,0,0,0,0,0,0,0,0,0,0,0,0,0,0,0,0,0,0,0,0,0,0,36,27,17,29,27,46,34,27,14,33,36,1,0,149,0,0,0,0,0,0,0,0,0,0,0,0,0,0,0,0,0,0,0,0,0,0,0,0,0,0,0,0,0,0,0,0,0,0,0,0,0,0,0,0,0,0,0,0,0,0,0,0,0,0,0,0,0,0,0,0,0,0,0,0,0,0,0,0,0,0,0,0
,0136,KC14-06,919,163,0,100,55,1,0,7,0,0,0,0,0,0,0,0,0,0,0,0,0,0,0,0,0,0,0,0,47,103,0,0,13,95,57,0,0,11,72,76,0,0,15,0,0,0,0,0,69,75,46,34,25,61,24,43,45,57,36,4,0,133,0,0,0,0,0,0,0,0,0,0,0,0,0,0,0,0,0,0,0,0,0,0,0,0,0,0,0,0,0,40,44,39,37,39,73,56,34,25,42,50,4,0,169,0,0,0,0,0,0,0,0,0,0,0,0,0,0,0,0,0,0,0,0,0,0,0,0,0,0,0,0,0,0,0,0,0,0,0,0,0,0,0,0,0,0,0,0,0,0,0,0,0,0,0,0,0,0,0,0,0,0,0,0,0,0,0,0,0,0,0,0
,0137,KC14-07,1173,242,0,151,77,1,0,13,0,0,0,0,0,0,0,0,0,0,0,0,0,0,0,0,0,0,0,0,64,164,0,0,14,145,80,3,0,14,0,0,0,0,0,0,0,0,0,0,72,120,53,42,33,106,41,78,74,86,34,0,4,225,0,0,0,0,0,0,0,0,0,0,0,0,0,0,0,0,0,0,0,0,0,0,0,0,0,0,0,0,0,54,59,39,57,54,99,83,74,34,74,71,1,0,269,0,0,0,0,0,0,0,0,0,0,0,0,0,0,0,0,0,0,0,0,0,0,0,0,0,0,0,0,0,0,0,0,0,0,0,0,0,0,0,0,0,0,0,0,0,0,0,0,0,0,0,0,0,0,0,0,0,0,0,0,0,0,0,0,0,0,0,0
,0138,KC14-08,902,171,0,107,55,2,0,7,0,0,0,0,0,0,0,0,0,0,0,0,0,0,0,0,0,0,0,0,46,108,1,0,16,97,59,1,0,14,0,0,0,0,0,0,0,0,0,0,57,91,40,22,26,63,26,40,45,55,25,1,4,189,0,0,0,0,0,0,0,0,6,7,9,2,5,2,4,1,6,0,0,18,0,0,0,0,0,0,0,0,0,50,43,21,35,33,72,62,29,11,51,40,0,0,181,0,0,0,0,0,0,0,0,0,0,0,0,0,0,0,0,0,0,0,0,0,0,0,0,0,0,0,0,0,0,0,0,0,0,0,0,0,0,0,0,0,0,0,0,0,0,0,0,0,0,0,0,0,0,0,0,0,0,0,0,0,0,0,0,0,0,0,0
,0139,KC14-09,495,144,0,86,34,1,0,23,0,0,0,0,0,0,0,0,0,0,0,0,0,0,0,0,0,0,0,0,19,87,0,0,38,94,24,1,0,25,0,0,0,0,0,0,0,0,0,0,35,85,50,9,31,70,16,14,15,28,13,0,4,206,0,0,0,0,0,0,0,0,42,72,78,68,32,44,52,14,81,0,4,89,0,0,0,0,0,0,0,0,0,0,0,0,0,0,0,0,0,0,0,0,0,0,8,0,0,0,0,0,0,0,0,0,0,0,0,0,0,0,0,0,0,0,0,0,0,0,0,0,0,0,0,0,0,0,0,0,0,0,0,0,0,0,0,0,0,0,0,0,0,0,0,0,0,0,0,0,0,0,0,0,0,0,0,0,0,0,0,0,0,0,0
,0140,KC14-10,1721,451,0,303,91,7,0,50,0,0,0,0,0,0,0,0,0,0,0,0,0,0,0,0,0,0,0,0,87,296,1,0,67,296,91,11,0,53,0,0,0,0,0,0,0,0,0,0,95,242,131,66,61,157,57,103,86,93,59,2,4,648,0,0,0,0,0,0,0,0,135,258,230,216,71,155,118,69,219,8,0,325,0,0,0,0,0,0,0,0,0,0,0,0,0,0,0,0,0,0,0,0,0,0,0,0,0,0,0,0,0,0,0,0,0,0,0,0,0,0,0,0,0,0,0,0,0,0,0,0,0,0,0,0,0,0,0,0,0,0,0,0,0,0,0,0,0,0,0,0,0,0,0,0,0,0,0,0,0,0,0,0,0,0,0,0,0,0,0,0,0,0,0
,0141,KC14-11,879,197,0,120,55,6,0,16,0,0,0,0,0,0,0,0,0,0,0,0,0,0,0,0,0,0,0,0,41,128,2,0,26,120,52,4,0,21,0,0,0,0,0,0,0,0,0,0,34,110,36,29,34,60,26,42,42,50,39,1,0,285,0,0,0,0,0,0,0,0,49,107,96,101,28,39,45,32,101,0,4,150,0,0,0,0,0,0,0,0,0,3,1,1,1,2,3,4,3,2,3,2,0,0,27,0,0,0,0,0,0,0,0,0,0,0,0,0,0,0,0,0,0,0,0,0,0,0,0,0,0,0,0,0,0,0,0,0,0,0,0,0,0,0,0,0,0,0,0,0,0,0,0,0,0,0,0,0,0,0,0,0,0,0,0,0,0,0,0,0,0,0,0
,0142,KC14-12,1729,437,0,267,113,2,0,55,0,0,0,0,0,0,0,0,0,0,0,0,0,0,0,0,0,0,0,0,97,263,1,0,76,266,99,9,0,63,0,0,0,0,0,0,0,0,0,0,111,222,123,66,69,161,58,94,95,98,89,1,0,561,0,0,0,0,0,0,0,0,129,246,196,223,82,175,107,105,203,1,0,281,0,0,0,0,0,0,0,0,0,0,0,0,0,0,0,0,0,0,0,0,0,0,0,0,0,0,0,0,0,0,0,0,0,0,0,0,0,0,0,0,0,0,0,0,0,0,0,0,0,0,0,0,0,0,0,0,0,0,0,0,0,0,0,0,0,0,0,0,0,0,0,0,0,0,0,0,0,0,0,0,0,0,0,0,0,0,0,0,0,0,0
,0143,KC14-13,1201,297,0,212,62,2,1,20,0,0,0,0,0,0,0,0,0,0,0,0,0,0,0,0,0,0,0,0,57,211,0,1,28,192,74,4,1,26,0,0,0,0,0,0,0,0,0,0,59,165,109,30,38,141,42,60,62,101,56,1,8,316,0,0,0,0,0,0,0,0,62,155,155,132,71,107,86,62,165,0,16,177,0,0,0,0,0,0,0,0,0,0,0,0,0,0,0,0,0,0,0,0,0,0,0,0,0,0,0,0,0,0,0,0,0,0,0,0,0,0,0,0,0,0,0,0,0,0,0,0,0,0,0,0,0,0,0,0,0,0,0,0,0,0,0,0,0,0,0,0,0,0,0,0,0,0,0,0,0,0,0,0,0,0,0,0,0,0,0,0,0,0,0
,0144,KC14-14,1912,537,0,357,121,13,0,46,0,0,0,0,0,0,0,0,0,0,0,0,0,0,0,0,0,0,0,0,111,335,0,0,91,362,105,5,0,65,0,0,0,0,0,0,0,0,0,0,108,305,164,86,70,193,68,125,89,102,103,0,0,735,0,0,0,0,0,0,0,0,157,281,259,257,70,251,119,144,266,1,4,339,0,0,0,0,0,0,0,0,0,0,0,0,0,0,0,0,0,0,0,0,0,0,0,0,0,0,0,0,0,0,0,0,0,0,0,0,0,0,0,0,0,0,0,0,0,0,0,0,0,0,0,0,0,0,0,0,0,0,0,0,0,0,0,0,0,0,0,0,0,0,0,0,0,0,0,0,0,0,0,0,0,0,0,0,0,0,0,0,0,0,0
,0145,KC14-15,830,251,0,161,51,5,0,34,0,0,0,0,0,0,0,0,0,0,0,0,0,0,0,0,0,0,0,0,23,177,0,0,51,170,34,6,0,41,0,0,0,0,0,0,0,0,0,0,52,146,75,37,34,99,34,50,39,59,45,1,0,333,0,0,0,0,0,0,0,0,68,131,122,137,44,97,66,40,138,2,0,159,0,0,0,0,0,0,0,0,0,0,0,0,0,0,0,0,0,0,0,0,0,0,0,0,0,0,0,0,0,0,0,0,0,0,0,0,0,0,0,0,0,0,0,0,0,0,0,0,0,0,0,0,0,0,0,0,0,0,0,0,0,0,0,0,0,0,0,0,0,0,0,0,0,0,0,0,0,0,0,0,0,0,0,0,0,0,0,0,0,0,0
,0146,KC14-16,457,146,0,103,33,3,0,7,0,0,0,0,0,0,0,0,0,0,0,0,0,0,0,0,0,0,0,0,36,95,1,0,14,94,40,2,0,10,0,0,0,0,0,0,0,0,0,0,53,77,47,27,32,56,33,35,35,47,33,1,0,108,0,0,0,0,0,0,0,0,0,1,1,0,0,0,0,0,1,0,0,21,0,0,0,0,0,0,0,0,0,38,43,19,56,26,78,52,33,23,34,42,1,0,135,0,0,0,0,0,0,0,0,0,0,0,0,0,0,0,0,0,0,0,0,0,0,0,0,0,0,0,0,0,0,0,0,0,0,0,0,0,0,0,0,0,0,0,0,0,0,0,0,0,0,0,0,0,0,0,0,0,0,0,0,0,0,0,0,0,0,0,0
,0147,KC14-17,908,308,0,199,67,5,0,37,0,0,0,0,0,0,0,0,0,0,0,0,0,0,0,0,0,0,0,0,35,215,0,0,58,220,41,3,0,44,0,0,0,0,0,0,0,0,0,0,37,195,84,27,27,113,36,52,32,53,40,0,0,536,0,0,0,0,0,0,0,0,69,177,171,142,37,121,64,40,194,1,0,216,0,0,0,0,0,0,0,0,0,0,0,0,0,0,0,0,0,0,0,0,0,0,0,0,0,0,0,0,0,0,0,0,0,0,0,0,0,0,0,0,0,0,0,0,0,0,0,0,0,0,0,0,0,0,0,0,0,0,0,0,0,0,0,0,0,0,0,0,0,0,0,0,0,0,0,0,0,0,0,0,0,0,0,0,0,0,0,0,0,0,0
,0148,QC01-01,38,10,0,7,0,0,0,3,0,0,0,0,0,0,0,0,0,0,0,0,0,0,0,0,10,0,0,0,1,6,0,0,3,0,0,0,0,0,0,0,0,0,0,0,0,0,0,0,2,2,1,2,1,4,0,2,1,1,2,0,0,22,3,0,5,1,3,0,0,28,0,0,0,0,0,0,0,0,0,0,0,0,0,0,0,0,0,0,0,0,0,0,0,0,0,0,0,0,0,0,0,0,0,0,0,0,0,0,0,0,0,0,0,0,0,0,0,0,0,0,0,0,0,0,0,0,0,0,0,0,0,0,0,0,0,0,0,0,0,0,0,10,0,0,6,19,3,2,2,3,1,0,0,4,6,0,0,0,4,1,3,0,0,6,1,3,0,0,6,0,0,0,0
,ZZZ,COUNTY TOTALS,90265,13998,13,8618,4061,197,4,1118,395,288,4,0,17,513,575,199,0,37,564,401,10,1,29,831,826,14,0,62,4303,7826,68,4,1797,7178,4039,150,7,1138,1316,2219,19,1,197,1363,1794,30,0,286,4230,5605,3118,2463,2242,4802,2246,3750,3664,4190,2455,144,196,16887,948,319,886,1111,1058,39,0,2063,751,1476,1361,1320,456,1033,691,530,1411,14,32,1849,771,816,656,677,598,711,14,4,2629,1947,2234,1228,1928,2077,3338,2754,1899,1124,2503,2052,117,105,8615,1072,25,0,622,147,747,14,0,52,177,4,0,41,78,71,28,2,0,16,172,7,0,36,267,14,0,47,328,196,268,173,133,6,0,435,0,10,0,0,6,19,3,2,2,3,1,0,0,4,6,0,0,0,4,1,3,0,0,6,1,3,0,0,6,346,129,0,38
